,Date,Station,PM 2.5
0,2021-01-01,Bourgogne-Franche-Comté,44.0
2,2021-01-02,Bourgogne-Franche-Comté,32.0
3,2021-01-03,Bourgogne-Franche-Comté,36.0
4,2021-01-04,Bourgogne-Franche-Comté,40.0
5,2021-01-05,Bourgogne-Franche-Comté,47.0
6,2021-01-06,Bourgogne-Franche-Comté,58.0
7,2021-01-07,,27.58744394618834
8,2021-01-08,Bourgogne-Franche-Comté,53.0
10,2021-01-09,Bourgogne-Franche-Comté,40.0
11,2021-01-10,,27.58744394618834
12,2021-01-11,Bourgogne-Franche-Comté,36.0
14,2021-01-12,Bourgogne-Franche-Comté,57.0
15,2021-01-13,Bourgogne-Franche-Comté,48.0
16,2021-01-14,Bourgogne-Franche-Comté,38.0
17,2021-01-15,Bourgogne-Franche-Comté,10.0
18,2021-01-16,Bourgogne-Franche-Comté,26.0
19,2021-01-17,Bourgogne-Franche-Comté,53.0
20,2021-01-18,Bourgogne-Franche-Comté,41.0
21,2021-01-19,Bourgogne-Franche-Comté,57.0
22,2021-01-20,,27.58744394618834
23,2021-01-21,Bourgogne-Franche-Comté,36.0
25,2021-01-22,Bourgogne-Franche-Comté,18.0
26,2021-01-23,Bourgogne-Franche-Comté,16.0
27,2021-01-24,,27.58744394618834
28,2021-01-25,Bourgogne-Franche-Comté,22.0
29,2021-01-26,Bourgogne-Franche-Comté,36.0
31,2021-01-27,Bourgogne-Franche-Comté,65.0
32,2021-01-28,Bourgogne-Franche-Comté,62.0
33,2021-01-29,Bourgogne-Franche-Comté,28.0
34,2021-01-30,Bourgogne-Franche-Comté,19.0
35,2021-01-31,Bourgogne-Franche-Comté,29.0
36,2021-02-01,Bourgogne-Franche-Comté,32.0
37,2021-02-02,Bourgogne-Franche-Comté,24.0
38,2021-02-03,Bourgogne-Franche-Comté,16.0
39,2021-02-04,Bourgogne-Franche-Comté,26.0
40,2021-02-05,Bourgogne-Franche-Comté,37.0
41,2021-02-06,,27.58744394618834
42,2021-02-07,Bourgogne-Franche-Comté,57.0
44,2021-02-08,Bourgogne-Franche-Comté,25.0
45,2021-02-09,Bourgogne-Franche-Comté,20.0
46,2021-02-10,Bourgogne-Franche-Comté,42.0
47,2021-02-11,Bourgogne-Franche-Comté,65.0
48,2021-02-12,Bourgogne-Franche-Comté,62.0
49,2021-02-13,Bourgogne-Franche-Comté,49.0
50,2021-02-14,Bourgogne-Franche-Comté,37.0
51,2021-02-15,Bourgogne-Franche-Comté,58.0
52,2021-02-16,Bourgogne-Franche-Comté,34.0
53,2021-02-17,,27.58744394618834
54,2021-02-18,Bourgogne-Franche-Comté,42.0
56,2021-02-19,Bourgogne-Franche-Comté,47.0
57,2021-02-20,Bourgogne-Franche-Comté,32.0
58,2021-02-21,Bourgogne-Franche-Comté,44.0
59,2021-02-22,,27.58744394618834
60,2021-02-23,Bourgogne-Franche-Comté,68.0
62,2021-02-24,Bourgogne-Franche-Comté,94.0
63,2021-02-25,Bourgogne-Franche-Comté,76.0
64,2021-02-26,Bourgogne-Franche-Comté,75.0
65,2021-02-27,Bourgogne-Franche-Comté,53.0
66,2021-02-28,Bourgogne-Franche-Comté,44.0
67,2021-03-01,Bourgogne-Franche-Comté,40.0
68,2021-03-02,Bourgogne-Franche-Comté,58.0
69,2021-03-03,Bourgogne-Franche-Comté,70.0
70,2021-03-04,Bourgogne-Franche-Comté,61.0
71,2021-03-05,Bourgogne-Franche-Comté,70.0
72,2021-03-06,Bourgogne-Franche-Comté,62.0
73,2021-03-07,Bourgogne-Franche-Comté,37.0
74,2021-03-08,Bourgogne-Franche-Comté,63.0
75,2021-03-09,Bourgogne-Franche-Comté,56.0
76,2021-03-10,Bourgogne-Franche-Comté,49.0
77,2021-03-11,Bourgogne-Franche-Comté,68.0
78,2021-03-12,,27.58744394618834
79,2021-03-13,Bourgogne-Franche-Comté,16.0
81,2021-03-14,Bourgogne-Franche-Comté,16.0
82,2021-03-15,Bourgogne-Franche-Comté,17.0
83,2021-03-16,Bourgogne-Franche-Comté,16.0
84,2021-03-17,Bourgogne-Franche-Comté,20.0
85,2021-03-18,,27.58744394618834
86,2021-03-19,Bourgogne-Franche-Comté,31.0
88,2021-03-20,Bourgogne-Franche-Comté,37.0
89,2021-03-21,Bourgogne-Franche-Comté,30.0
90,2021-03-22,Bourgogne-Franche-Comté,48.0
91,2021-03-23,Bourgogne-Franche-Comté,41.0
92,2021-03-24,Bourgogne-Franche-Comté,34.0
93,2021-03-25,Bourgogne-Franche-Comté,49.0
94,2021-03-26,Bourgogne-Franche-Comté,47.0
95,2021-03-27,Bourgogne-Franche-Comté,41.0
96,2021-03-28,Bourgogne-Franche-Comté,19.0
97,2021-03-29,,27.58744394618834
98,2021-03-30,Bourgogne-Franche-Comté,34.0
100,2021-03-31,Bourgogne-Franche-Comté,40.0
101,2021-04-01,Bourgogne-Franche-Comté,42.0
102,2021-04-02,Bourgogne-Franche-Comté,34.0
103,2021-04-03,Bourgogne-Franche-Comté,57.0
104,2021-04-04,Bourgogne-Franche-Comté,32.0
105,2021-04-05,Bourgogne-Franche-Comté,28.0
106,2021-04-06,Bourgogne-Franche-Comté,34.0
107,2021-04-07,Bourgogne-Franche-Comté,28.0
108,2021-04-08,,27.58744394618834
109,2021-04-09,Bourgogne-Franche-Comté,30.0
111,2021-04-10,Bourgogne-Franche-Comté,30.0
112,2021-04-11,Bourgogne-Franche-Comté,12.0
113,2021-04-12,Bourgogne-Franche-Comté,18.0
114,2021-04-13,Bourgogne-Franche-Comté,29.0
115,2021-04-14,,27.58744394618834
116,2021-04-15,Bourgogne-Franche-Comté,38.0
118,2021-04-16,Bourgogne-Franche-Comté,23.0
119,2021-04-17,,27.58744394618834
120,2021-04-18,Bourgogne-Franche-Comté,29.0
122,2021-04-19,Bourgogne-Franche-Comté,40.0
123,2021-04-20,,27.58744394618834
124,2021-04-21,Bourgogne-Franche-Comté,46.0
126,2021-04-22,Bourgogne-Franche-Comté,38.0
127,2021-04-23,Bourgogne-Franche-Comté,35.0
128,2021-04-24,,27.58744394618834
129,2021-04-25,Bourgogne-Franche-Comté,30.0
130,2021-04-26,Bourgogne-Franche-Comté,25.0
132,2021-04-27,Bourgogne-Franche-Comté,27.0
133,2021-04-28,Bourgogne-Franche-Comté,23.0
134,2021-04-29,Bourgogne-Franche-Comté,34.0
135,2021-04-30,,27.58744394618834
136,2021-05-01,Bourgogne-Franche-Comté,41.0
138,2021-05-02,Bourgogne-Franche-Comté,38.0
139,2021-05-03,,27.58744394618834
140,2021-05-04,Bourgogne-Franche-Comté,30.0
142,2021-05-05,Bourgogne-Franche-Comté,7.0
143,2021-05-06,Bourgogne-Franche-Comté,12.0
144,2021-05-07,Bourgogne-Franche-Comté,21.0
145,2021-05-08,,27.58744394618834
146,2021-05-09,Bourgogne-Franche-Comté,32.0
148,2021-05-10,Bourgogne-Franche-Comté,17.0
149,2021-05-11,Bourgogne-Franche-Comté,17.0
150,2021-05-12,Bourgogne-Franche-Comté,15.0
151,2021-05-13,Bourgogne-Franche-Comté,19.0
152,2021-05-14,Bourgogne-Franche-Comté,14.0
153,2021-05-15,Bourgogne-Franche-Comté,18.0
154,2021-05-16,,27.58744394618834
155,2021-05-17,Bourgogne-Franche-Comté,13.0
157,2021-05-18,Bourgogne-Franche-Comté,13.0
158,2021-05-19,Bourgogne-Franche-Comté,16.0
159,2021-05-20,Bourgogne-Franche-Comté,12.0
160,2021-05-21,Bourgogne-Franche-Comté,15.0
161,2021-05-22,Bourgogne-Franche-Comté,16.0
162,2021-05-23,,27.58744394618834
163,2021-05-24,Bourgogne-Franche-Comté,11.0
165,2021-05-25,,27.58744394618834
166,2021-05-26,Bourgogne-Franche-Comté,13.0
167,2021-05-27,Bourgogne-Franche-Comté,16.0
168,2021-05-28,Bourgogne-Franche-Comté,14.0
169,2021-05-29,Bourgogne-Franche-Comté,15.0
170,2021-05-30,Bourgogne-Franche-Comté,17.0
172,2021-05-31,Bourgogne-Franche-Comté,13.0
173,2021-06-01,Bourgogne-Franche-Comté,28.0
174,2021-06-02,,27.58744394618834
175,2021-06-03,,27.58744394618834
176,2021-06-04,,27.58744394618834
177,2021-06-05,Bourgogne-Franche-Comté,40.0
179,2021-06-06,,27.58744394618834
180,2021-06-07,,27.58744394618834
181,2021-06-08,Bourgogne-Franche-Comté,28.0
183,2021-06-09,,27.58744394618834
184,2021-06-10,Bourgogne-Franche-Comté,34.0
186,2021-06-11,Bourgogne-Franche-Comté,29.0
187,2021-06-12,,27.58744394618834
188,2021-06-13,Bourgogne-Franche-Comté,23.0
190,2021-06-14,Bourgogne-Franche-Comté,19.0
191,2021-06-15,Bourgogne-Franche-Comté,18.0
192,2021-06-16,,27.58744394618834
193,2021-06-17,Bourgogne-Franche-Comté,28.0
195,2021-06-18,Bourgogne-Franche-Comté,40.0
196,2021-06-19,Bourgogne-Franche-Comté,36.0
197,2021-06-20,,27.58744394618834
198,2021-06-21,,27.58744394618834
199,2021-06-22,Bourgogne-Franche-Comté,6.0
201,2021-06-23,Bourgogne-Franche-Comté,7.0
202,2021-06-24,Bourgogne-Franche-Comté,8.0
203,2021-06-25,Bourgogne-Franche-Comté,19.0
204,2021-06-26,Bourgogne-Franche-Comté,24.0
205,2021-06-27,Bourgogne-Franche-Comté,20.0
206,2021-06-28,Bourgogne-Franche-Comté,22.0
207,2021-06-29,Bourgogne-Franche-Comté,10.0
208,2021-06-30,Bourgogne-Franche-Comté,10.0
209,2021-07-01,Bourgogne-Franche-Comté,5.0
210,2021-07-02,Bourgogne-Franche-Comté,22.0
211,2021-07-03,Bourgogne-Franche-Comté,24.0
212,2021-07-04,Bourgogne-Franche-Comté,27.0
213,2021-07-05,Bourgogne-Franche-Comté,9.0
214,2021-07-06,Bourgogne-Franche-Comté,12.0
215,2021-07-07,Bourgogne-Franche-Comté,11.0
216,2021-07-08,Bourgogne-Franche-Comté,30.0
217,2021-07-09,Bourgogne-Franche-Comté,15.0
218,2021-07-10,Bourgogne-Franche-Comté,9.0
219,2021-07-11,Bourgogne-Franche-Comté,19.0
220,2021-07-12,Bourgogne-Franche-Comté,12.0
221,2021-07-13,Bourgogne-Franche-Comté,15.0
222,2021-07-14,Bourgogne-Franche-Comté,11.0
223,2021-07-15,Bourgogne-Franche-Comté,24.0
224,2021-07-16,Bourgogne-Franche-Comté,14.0
225,2021-07-17,Bourgogne-Franche-Comté,7.0
226,2021-07-18,,27.58744394618834
227,2021-07-19,Bourgogne-Franche-Comté,32.0
228,2021-07-20,Bourgogne-Franche-Comté,21.0
229,2021-07-21,Bourgogne-Franche-Comté,48.0
231,2021-07-22,,27.58744394618834
232,2021-07-23,Bourgogne-Franche-Comté,58.0
234,2021-07-24,,27.58744394618834
235,2021-07-25,Bourgogne-Franche-Comté,17.0
237,2021-07-26,Bourgogne-Franche-Comté,12.0
238,2021-07-27,Bourgogne-Franche-Comté,12.0
239,2021-07-28,Bourgogne-Franche-Comté,29.0
240,2021-07-29,Bourgogne-Franche-Comté,21.0
241,2021-07-30,Bourgogne-Franche-Comté,7.0
242,2021-07-31,Bourgogne-Franche-Comté,20.0
243,2021-08-01,Bourgogne-Franche-Comté,9.0
244,2021-08-02,Bourgogne-Franche-Comté,9.0
245,2021-08-03,Bourgogne-Franche-Comté,8.0
246,2021-08-04,Bourgogne-Franche-Comté,6.0
247,2021-08-05,Bourgogne-Franche-Comté,12.0
248,2021-08-06,,27.58744394618834
249,2021-08-07,Bourgogne-Franche-Comté,8.0
250,2021-08-08,Bourgogne-Franche-Comté,10.0
252,2021-08-09,Bourgogne-Franche-Comté,8.0
253,2021-08-10,,27.58744394618834
254,2021-08-11,Bourgogne-Franche-Comté,18.0
256,2021-08-12,Bourgogne-Franche-Comté,28.0
257,2021-08-13,Bourgogne-Franche-Comté,25.0
258,2021-08-14,Bourgogne-Franche-Comté,30.0
259,2021-08-15,Bourgogne-Franche-Comté,43.0
260,2021-08-16,Bourgogne-Franche-Comté,29.0
261,2021-08-17,Bourgogne-Franche-Comté,14.0
262,2021-08-18,Bourgogne-Franche-Comté,57.0
263,2021-08-19,Bourgogne-Franche-Comté,16.0
264,2021-08-20,Bourgogne-Franche-Comté,10.0
265,2021-08-21,Bourgogne-Franche-Comté,14.0
266,2021-08-22,Bourgogne-Franche-Comté,21.0
267,2021-08-23,,27.58744394618834
268,2021-08-24,,27.58744394618834
269,2021-08-25,Bourgogne-Franche-Comté,16.0
271,2021-08-26,Bourgogne-Franche-Comté,16.0
272,2021-08-27,Bourgogne-Franche-Comté,21.0
273,2021-08-28,,27.58744394618834
274,2021-08-29,Bourgogne-Franche-Comté,16.0
276,2021-08-30,Bourgogne-Franche-Comté,13.0
277,2021-08-31,Bourgogne-Franche-Comté,12.0
278,2021-09-01,Bourgogne-Franche-Comté,26.0
279,2021-09-02,Bourgogne-Franche-Comté,23.0
280,2021-09-03,,27.58744394618834
281,2021-09-04,Bourgogne-Franche-Comté,27.0
283,2021-09-05,Bourgogne-Franche-Comté,26.0
284,2021-09-06,Bourgogne-Franche-Comté,23.0
285,2021-09-07,Bourgogne-Franche-Comté,31.0
286,2021-09-08,Bourgogne-Franche-Comté,29.0
287,2021-09-09,Bourgogne-Franche-Comté,36.0
288,2021-09-10,Bourgogne-Franche-Comté,32.0
289,2021-09-11,Bourgogne-Franche-Comté,26.0
290,2021-09-12,Bourgogne-Franche-Comté,12.0
291,2021-09-13,Bourgogne-Franche-Comté,14.0
292,2021-09-14,Bourgogne-Franche-Comté,19.0
293,2021-09-15,,27.58744394618834
294,2021-09-16,Bourgogne-Franche-Comté,7.0
295,2021-09-17,Bourgogne-Franche-Comté,16.0
296,2021-09-18,Bourgogne-Franche-Comté,16.0
297,2021-09-19,Bourgogne-Franche-Comté,17.0
299,2021-09-20,Bourgogne-Franche-Comté,8.0
300,2021-09-21,,27.58744394618834
301,2021-09-22,Bourgogne-Franche-Comté,20.0
302,2021-09-23,Bourgogne-Franche-Comté,31.0
304,2021-09-24,Bourgogne-Franche-Comté,32.0
305,2021-09-25,,27.58744394618834
306,2021-09-26,Bourgogne-Franche-Comté,50.0
308,2021-09-27,Bourgogne-Franche-Comté,24.0
309,2021-09-28,Bourgogne-Franche-Comté,13.0
310,2021-09-29,Bourgogne-Franche-Comté,11.0
311,2021-09-30,Bourgogne-Franche-Comté,11.0
312,2021-10-01,Bourgogne-Franche-Comté,15.0
313,2021-10-02,Bourgogne-Franche-Comté,19.0
314,2021-10-03,Bourgogne-Franche-Comté,23.0
315,2021-10-04,Bourgogne-Franche-Comté,27.0
316,2021-10-05,Bourgogne-Franche-Comté,6.0
317,2021-10-06,Bourgogne-Franche-Comté,18.0
318,2021-10-07,Bourgogne-Franche-Comté,27.0
319,2021-10-08,Bourgogne-Franche-Comté,14.0
320,2021-10-09,Bourgogne-Franche-Comté,20.0
321,2021-10-10,Bourgogne-Franche-Comté,45.0
322,2021-10-11,Bourgogne-Franche-Comté,43.0
323,2021-10-12,,27.58744394618834
324,2021-10-13,Bourgogne-Franche-Comté,26.0
325,2021-10-14,Bourgogne-Franche-Comté,19.0
327,2021-10-15,Bourgogne-Franche-Comté,9.0
328,2021-10-16,Bourgogne-Franche-Comté,43.0
329,2021-10-17,Bourgogne-Franche-Comté,26.0
330,2021-10-18,Bourgogne-Franche-Comté,33.0
331,2021-10-19,,27.58744394618834
332,2021-10-20,Bourgogne-Franche-Comté,32.0
334,2021-10-21,Bourgogne-Franche-Comté,26.0
335,2021-10-22,Bourgogne-Franche-Comté,9.0
336,2021-10-23,Bourgogne-Franche-Comté,14.0
337,2021-10-24,Bourgogne-Franche-Comté,20.0
338,2021-10-25,Bourgogne-Franche-Comté,33.0
339,2021-10-26,Bourgogne-Franche-Comté,43.0
340,2021-10-27,Bourgogne-Franche-Comté,28.0
341,2021-10-28,Bourgogne-Franche-Comté,19.0
342,2021-10-29,Bourgogne-Franche-Comté,39.0
343,2021-10-30,Bourgogne-Franche-Comté,41.0
344,2021-10-31,Bourgogne-Franche-Comté,18.0
345,2021-11-01,Bourgogne-Franche-Comté,10.0
346,2021-11-02,Bourgogne-Franche-Comté,9.0
347,2021-11-03,Bourgogne-Franche-Comté,18.0
348,2021-11-04,Bourgogne-Franche-Comté,11.0
349,2021-11-05,Bourgogne-Franche-Comté,23.0
350,2021-11-06,Bourgogne-Franche-Comté,20.0
351,2021-11-07,Bourgogne-Franche-Comté,57.0
352,2021-11-08,Bourgogne-Franche-Comté,39.0
353,2021-11-09,Bourgogne-Franche-Comté,28.0
354,2021-11-10,Bourgogne-Franche-Comté,7.0
355,2021-11-11,,27.58744394618834
356,2021-11-12,Bourgogne-Franche-Comté,61.0
358,2021-11-13,Bourgogne-Franche-Comté,42.0
359,2021-11-14,Bourgogne-Franche-Comté,44.0
360,2021-11-15,Bourgogne-Franche-Comté,16.0
361,2021-11-16,Bourgogne-Franche-Comté,44.0
362,2021-11-17,Bourgogne-Franche-Comté,25.0
363,2021-11-18,Bourgogne-Franche-Comté,25.0
364,2021-11-19,Bourgogne-Franche-Comté,35.0
365,2021-11-20,Bourgogne-Franche-Comté,40.0
366,2021-11-21,Bourgogne-Franche-Comté,48.0
367,2021-11-22,Bourgogne-Franche-Comté,17.0
368,2021-11-23,Bourgogne-Franche-Comté,24.0
369,2021-11-24,,27.58744394618834
370,2021-11-25,,27.58744394618834
371,2021-11-26,,27.58744394618834
372,2021-11-27,Bourgogne-Franche-Comté,62.0
374,2021-11-28,Bourgogne-Franche-Comté,34.0
375,2021-11-29,Bourgogne-Franche-Comté,37.0
376,2021-11-30,,27.58744394618834
377,2021-12-01,Bourgogne-Franche-Comté,38.0
378,2021-12-02,Bourgogne-Franche-Comté,42.0
379,2021-12-03,Bourgogne-Franche-Comté,30.0
381,2021-12-04,Bourgogne-Franche-Comté,41.0
382,2021-12-05,Bourgogne-Franche-Comté,30.0
383,2021-12-06,Bourgogne-Franche-Comté,28.0
384,2021-12-07,Bourgogne-Franche-Comté,27.0
385,2021-12-08,Bourgogne-Franche-Comté,33.0
386,2021-12-09,Bourgogne-Franche-Comté,40.0
387,2021-12-10,Bourgogne-Franche-Comté,33.0
388,2021-12-11,Bourgogne-Franche-Comté,27.0
389,2021-12-12,Bourgogne-Franche-Comté,43.0
390,2021-12-13,Bourgogne-Franche-Comté,60.0
391,2021-12-14,Bourgogne-Franche-Comté,40.0
392,2021-12-15,,27.58744394618834
393,2021-12-16,Bourgogne-Franche-Comté,37.0
395,2021-12-17,Bourgogne-Franche-Comté,45.0
396,2021-12-18,Bourgogne-Franche-Comté,49.0
397,2021-12-19,Bourgogne-Franche-Comté,63.0
398,2021-12-20,Bourgogne-Franche-Comté,46.0
399,2021-12-21,Bourgogne-Franche-Comté,43.0
400,2021-12-22,Bourgogne-Franche-Comté,61.0
401,2021-12-23,Bourgogne-Franche-Comté,80.0
402,2021-12-24,Bourgogne-Franche-Comté,63.0
403,2021-12-25,Bourgogne-Franche-Comté,61.0
404,2021-12-26,Bourgogne-Franche-Comté,61.0
405,2021-12-27,Bourgogne-Franche-Comté,55.0
406,2021-12-28,Bourgogne-Franche-Comté,46.0
407,2021-12-29,Bourgogne-Franche-Comté,34.0
408,2021-12-30,Bourgogne-Franche-Comté,27.0
409,2021-12-31,,27.58744394618834
410,2022-01-01,Bourgogne-Franche-Comté,37.0
412,2022-01-02,Bourgogne-Franche-Comté,32.0
413,2022-01-03,Bourgogne-Franche-Comté,49.0
414,2022-01-04,,27.58744394618834
415,2022-01-05,Bourgogne-Franche-Comté,34.0
417,2022-01-06,Bourgogne-Franche-Comté,34.0
418,2022-01-07,Bourgogne-Franche-Comté,37.0
419,2022-01-08,Bourgogne-Franche-Comté,43.0
420,2022-01-09,,27.58744394618834
421,2022-01-10,Bourgogne-Franche-Comté,17.0
423,2022-01-11,Bourgogne-Franche-Comté,16.0
424,2022-01-12,Bourgogne-Franche-Comté,40.0
425,2022-01-13,Bourgogne-Franche-Comté,48.0
426,2022-01-14,Bourgogne-Franche-Comté,64.0
427,2022-01-15,Bourgogne-Franche-Comté,121.0
428,2022-01-16,Bourgogne-Franche-Comté,92.0
429,2022-01-17,Bourgogne-Franche-Comté,84.0
430,2022-01-18,Bourgogne-Franche-Comté,123.0
431,2022-01-19,Bourgogne-Franche-Comté,51.0
432,2022-01-20,Bourgogne-Franche-Comté,53.0
433,2022-01-21,Bourgogne-Franche-Comté,31.0
434,2022-01-22,Bourgogne-Franche-Comté,22.0
435,2022-01-23,Bourgogne-Franche-Comté,31.0
436,2022-01-24,Bourgogne-Franche-Comté,40.0
437,2022-01-25,Bourgogne-Franche-Comté,56.0
438,2022-01-26,Bourgogne-Franche-Comté,62.0
439,2022-01-27,Bourgogne-Franche-Comté,46.0
440,2022-01-28,Bourgogne-Franche-Comté,41.0
441,2022-01-29,,27.58744394618834
442,2022-01-30,,27.58744394618834
443,2022-01-31,Bourgogne-Franche-Comté,39.0
445,2022-02-01,Bourgogne-Franche-Comté,26.0
446,2022-02-02,Bourgogne-Franche-Comté,31.0
447,2022-02-03,Bourgogne-Franche-Comté,18.0
448,2022-02-04,,27.58744394618834
449,2022-02-05,Bourgogne-Franche-Comté,35.0
451,2022-02-06,Bourgogne-Franche-Comté,45.0
452,2022-02-07,Bourgogne-Franche-Comté,22.0
453,2022-02-08,Bourgogne-Franche-Comté,17.0
454,2022-02-09,Bourgogne-Franche-Comté,42.0
455,2022-02-10,Bourgogne-Franche-Comté,67.0
456,2022-02-11,Bourgogne-Franche-Comté,54.0
457,2022-02-12,Bourgogne-Franche-Comté,20.0
458,2022-02-13,Bourgogne-Franche-Comté,47.0
459,2022-02-14,Bourgogne-Franche-Comté,52.0
460,2022-02-15,Bourgogne-Franche-Comté,21.0
461,2022-02-16,Bourgogne-Franche-Comté,15.0
462,2022-02-17,Bourgogne-Franche-Comté,24.0
463,2022-02-18,Bourgogne-Franche-Comté,8.0
464,2022-02-19,Bourgogne-Franche-Comté,4.0
465,2022-02-20,Bourgogne-Franche-Comté,17.0
466,2022-02-21,Bourgogne-Franche-Comté,15.0
467,2022-02-22,,27.58744394618834
468,2022-02-23,Bourgogne-Franche-Comté,32.0
470,2022-02-24,Bourgogne-Franche-Comté,30.0
471,2022-02-25,Bourgogne-Franche-Comté,33.0
472,2022-02-26,Bourgogne-Franche-Comté,11.0
473,2022-02-27,Bourgogne-Franche-Comté,18.0
474,2022-02-28,Bourgogne-Franche-Comté,24.0
475,2022-03-01,Bourgogne-Franche-Comté,30.0
476,2022-03-02,Bourgogne-Franche-Comté,57.0
477,2022-03-03,Bourgogne-Franche-Comté,69.0
478,2022-03-04,,27.58744394618834
479,2022-03-05,Bourgogne-Franche-Comté,70.0
480,2022-03-06,Bourgogne-Franche-Comté,55.0
482,2022-03-07,Bourgogne-Franche-Comté,52.0
483,2022-03-08,Bourgogne-Franche-Comté,54.0
484,2022-03-09,Bourgogne-Franche-Comté,84.0
485,2022-03-10,,27.58744394618834
486,2022-03-11,Bourgogne-Franche-Comté,42.0
488,2022-03-12,Bourgogne-Franche-Comté,32.0
489,2022-03-13,Bourgogne-Franche-Comté,33.0
490,2022-03-14,Bourgogne-Franche-Comté,40.0
491,2022-03-15,,27.58744394618834
492,2022-03-16,Bourgogne-Franche-Comté,29.0
494,2022-03-17,Bourgogne-Franche-Comté,49.0
495,2022-03-18,,27.58744394618834
496,2022-03-19,Bourgogne-Franche-Comté,47.0
498,2022-03-20,Bourgogne-Franche-Comté,68.0
499,2022-03-21,Bourgogne-Franche-Comté,50.0
500,2022-03-22,Bourgogne-Franche-Comté,48.0
501,2022-03-23,Bourgogne-Franche-Comté,61.0
502,2022-03-24,Bourgogne-Franche-Comté,62.0
503,2022-03-25,Bourgogne-Franche-Comté,73.0
504,2022-03-26,Bourgogne-Franche-Comté,56.0
505,2022-03-27,,27.58744394618834
506,2022-03-28,Bourgogne-Franche-Comté,62.0
508,2022-03-29,Bourgogne-Franche-Comté,62.0
509,2022-03-30,Bourgogne-Franche-Comté,65.0
510,2022-03-31,Bourgogne-Franche-Comté,62.0
511,2022-04-01,,27.58744394618834
512,2022-04-02,Bourgogne-Franche-Comté,21.0
514,2022-04-03,Bourgogne-Franche-Comté,32.0
515,2022-04-04,Bourgogne-Franche-Comté,32.0
516,2022-04-05,Bourgogne-Franche-Comté,42.0
517,2022-04-06,Bourgogne-Franche-Comté,32.0
518,2022-04-07,Bourgogne-Franche-Comté,16.0
519,2022-04-08,Bourgogne-Franche-Comté,15.0
520,2022-04-09,Bourgogne-Franche-Comté,6.0
521,2022-04-10,Bourgogne-Franche-Comté,16.0
522,2022-04-11,Bourgogne-Franche-Comté,21.0
523,2022-04-12,Bourgogne-Franche-Comté,16.0
524,2022-04-13,,27.58744394618834
525,2022-04-14,Bourgogne-Franche-Comté,27.0
527,2022-04-15,Bourgogne-Franche-Comté,28.0
528,2022-04-16,Bourgogne-Franche-Comté,25.0
529,2022-04-17,Bourgogne-Franche-Comté,22.0
530,2022-04-18,Bourgogne-Franche-Comté,13.0
531,2022-04-19,Bourgogne-Franche-Comté,13.0
532,2022-04-20,,27.58744394618834
533,2022-04-21,Bourgogne-Franche-Comté,25.0
535,2022-04-22,Bourgogne-Franche-Comté,28.0
536,2022-04-23,Bourgogne-Franche-Comté,29.0
537,2022-04-24,Bourgogne-Franche-Comté,27.0
538,2022-04-25,Bourgogne-Franche-Comté,20.0
539,2022-04-26,Bourgogne-Franche-Comté,35.0
540,2022-04-27,Bourgogne-Franche-Comté,38.0
541,2022-04-28,Bourgogne-Franche-Comté,36.0
542,2022-04-29,Bourgogne-Franche-Comté,19.0
543,2022-04-30,Bourgogne-Franche-Comté,36.0
544,2022-05-01,Bourgogne-Franche-Comté,48.0
545,2022-05-02,Bourgogne-Franche-Comté,33.0
546,2022-05-03,Bourgogne-Franche-Comté,29.0
547,2022-05-04,Bourgogne-Franche-Comté,38.0
548,2022-05-05,Bourgogne-Franche-Comté,40.0
549,2022-05-06,Bourgogne-Franche-Comté,38.0
550,2022-05-07,Bourgogne-Franche-Comté,28.0
551,2022-05-08,Bourgogne-Franche-Comté,30.0
552,2022-05-09,Bourgogne-Franche-Comté,35.0
553,2022-05-10,Bourgogne-Franche-Comté,33.0
554,2022-05-11,Bourgogne-Franche-Comté,27.0
555,2022-05-12,Bourgogne-Franche-Comté,34.0
556,2022-05-13,,27.58744394618834
557,2022-05-14,Bourgogne-Franche-Comté,31.0
559,2022-05-15,Bourgogne-Franche-Comté,13.0
560,2022-05-16,Bourgogne-Franche-Comté,22.0
561,2022-05-17,Bourgogne-Franche-Comté,27.0
562,2022-05-18,Bourgogne-Franche-Comté,18.0
563,2022-05-19,Bourgogne-Franche-Comté,21.0
564,2022-05-20,Bourgogne-Franche-Comté,34.0
565,2022-05-21,,27.58744394618834
566,2022-05-22,Bourgogne-Franche-Comté,17.0
568,2022-05-23,Bourgogne-Franche-Comté,16.0
569,2022-05-24,Bourgogne-Franche-Comté,21.0
570,2022-05-25,Bourgogne-Franche-Comté,8.0
571,2022-05-26,Bourgogne-Franche-Comté,9.0
572,2022-05-27,Bourgogne-Franche-Comté,10.0
573,2022-05-28,Bourgogne-Franche-Comté,9.0
574,2022-05-29,Bourgogne-Franche-Comté,15.0
575,2022-05-30,Bourgogne-Franche-Comté,14.0
576,2022-05-31,Bourgogne-Franche-Comté,14.0
577,2022-06-01,Bourgogne-Franche-Comté,17.0
578,2022-06-02,Bourgogne-Franche-Comté,21.0
579,2022-06-03,,27.58744394618834
580,2022-06-04,Bourgogne-Franche-Comté,26.0
582,2022-06-05,Bourgogne-Franche-Comté,12.0
583,2022-06-06,Bourgogne-Franche-Comté,13.0
584,2022-06-07,Bourgogne-Franche-Comté,10.0
585,2022-06-08,,27.58744394618834
586,2022-06-09,Bourgogne-Franche-Comté,13.0
588,2022-06-10,,27.58744394618834
589,2022-06-11,Bourgogne-Franche-Comté,14.0
591,2022-06-12,,27.58744394618834
592,2022-06-13,Bourgogne-Franche-Comté,21.0
594,2022-06-14,Bourgogne-Franche-Comté,12.0
595,2022-06-15,Bourgogne-Franche-Comté,20.0
596,2022-06-16,Bourgogne-Franche-Comté,42.0
597,2022-06-17,Bourgogne-Franche-Comté,38.0
598,2022-06-18,Bourgogne-Franche-Comté,34.0
599,2022-06-19,Bourgogne-Franche-Comté,44.0
600,2022-06-20,Bourgogne-Franche-Comté,52.0
601,2022-06-21,Bourgogne-Franche-Comté,35.0
602,2022-06-22,Bourgogne-Franche-Comté,33.0
603,2022-06-23,,27.58744394618834
604,2022-06-24,Bourgogne-Franche-Comté,28.0
606,2022-06-25,Bourgogne-Franche-Comté,14.0
607,2022-06-26,Bourgogne-Franche-Comté,13.0
608,2022-06-27,Bourgogne-Franche-Comté,10.0
609,2022-06-28,Bourgogne-Franche-Comté,7.0
610,2022-06-29,Bourgogne-Franche-Comté,10.0
611,2022-06-30,Bourgogne-Franche-Comté,12.0
612,2022-07-01,Bourgogne-Franche-Comté,16.0
613,2022-07-02,Bourgogne-Franche-Comté,8.0
614,2022-07-03,Bourgogne-Franche-Comté,11.0
615,2022-07-04,,27.58744394618834
616,2022-07-05,Bourgogne-Franche-Comté,17.0
618,2022-07-06,Bourgogne-Franche-Comté,16.0
619,2022-07-07,Bourgogne-Franche-Comté,18.0
620,2022-07-08,,27.58744394618834
621,2022-07-09,Bourgogne-Franche-Comté,18.0
623,2022-07-10,Bourgogne-Franche-Comté,17.0
624,2022-07-11,Bourgogne-Franche-Comté,18.0
625,2022-07-12,Bourgogne-Franche-Comté,9.0
626,2022-07-13,Bourgogne-Franche-Comté,20.0
627,2022-07-14,,27.58744394618834
628,2022-07-15,Bourgogne-Franche-Comté,28.0
630,2022-07-16,Bourgogne-Franche-Comté,25.0
631,2022-07-17,Bourgogne-Franche-Comté,17.0
632,2022-07-18,Bourgogne-Franche-Comté,22.0
633,2022-07-19,Bourgogne-Franche-Comté,27.0
634,2022-07-20,Bourgogne-Franche-Comté,39.0
635,2022-07-21,Bourgogne-Franche-Comté,65.0
636,2022-07-22,Bourgogne-Franche-Comté,13.0
637,2022-07-23,Bourgogne-Franche-Comté,29.0
638,2022-07-24,Bourgogne-Franche-Comté,53.0
639,2022-07-25,Bourgogne-Franche-Comté,29.0
640,2022-07-26,Bourgogne-Franche-Comté,38.0
641,2022-07-27,Bourgogne-Franche-Comté,14.0
642,2022-07-28,Bourgogne-Franche-Comté,10.0
643,2022-07-29,,27.58744394618834
644,2022-07-30,Bourgogne-Franche-Comté,15.0
646,2022-07-31,Bourgogne-Franche-Comté,16.0
647,2022-08-01,Bourgogne-Franche-Comté,19.0
648,2022-08-02,Bourgogne-Franche-Comté,3.0
649,2022-08-03,Bourgogne-Franche-Comté,12.0
650,2022-08-04,Bourgogne-Franche-Comté,13.0
651,2022-08-05,Bourgogne-Franche-Comté,19.0
652,2022-08-06,Bourgogne-Franche-Comté,24.0
653,2022-08-07,Bourgogne-Franche-Comté,26.0
654,2022-08-08,Bourgogne-Franche-Comté,13.0
655,2022-08-09,Bourgogne-Franche-Comté,16.0
656,2022-08-10,Bourgogne-Franche-Comté,25.0
657,2022-08-11,,27.58744394618834
658,2022-08-12,Bourgogne-Franche-Comté,22.0
660,2022-08-13,Bourgogne-Franche-Comté,25.0
661,2022-08-14,Bourgogne-Franche-Comté,16.0
662,2022-08-15,Bourgogne-Franche-Comté,26.0
663,2022-08-16,Bourgogne-Franche-Comté,18.0
664,2022-08-17,Bourgogne-Franche-Comté,27.0
665,2022-08-18,Bourgogne-Franche-Comté,19.0
666,2022-08-19,Bourgogne-Franche-Comté,14.0
667,2022-08-20,Bourgogne-Franche-Comté,20.0
668,2022-08-21,,27.58744394618834
669,2022-08-22,,27.58744394618834
670,2022-08-23,,27.58744394618834
671,2022-08-24,Bourgogne-Franche-Comté,9.0
673,2022-08-25,Bourgogne-Franche-Comté,18.0
674,2022-08-26,Bourgogne-Franche-Comté,25.0
675,2022-08-27,Bourgogne-Franche-Comté,25.0
676,2022-08-28,Bourgogne-Franche-Comté,23.0
677,2022-08-29,Bourgogne-Franche-Comté,24.0
678,2022-08-30,,27.58744394618834
679,2022-08-31,Bourgogne-Franche-Comté,23.0
680,2022-09-01,Bourgogne-Franche-Comté,29.0
682,2022-09-02,Bourgogne-Franche-Comté,27.0
683,2022-09-03,Bourgogne-Franche-Comté,25.0
684,2022-09-04,Bourgogne-Franche-Comté,16.0
685,2022-09-05,Bourgogne-Franche-Comté,11.0
686,2022-09-06,,27.58744394618834
687,2022-09-07,Bourgogne-Franche-Comté,22.0
689,2022-09-08,Bourgogne-Franche-Comté,19.0
690,2022-09-09,Bourgogne-Franche-Comté,10.0
691,2022-09-10,Bourgogne-Franche-Comté,11.0
692,2022-09-11,Bourgogne-Franche-Comté,12.0
693,2022-09-12,Bourgogne-Franche-Comté,7.0
694,2022-09-13,Bourgogne-Franche-Comté,10.0
695,2022-09-14,Bourgogne-Franche-Comté,13.0
696,2022-09-15,,27.58744394618834
697,2022-09-16,Bourgogne-Franche-Comté,10.0
699,2022-09-17,,27.58744394618834
700,2022-09-18,Bourgogne-Franche-Comté,11.0
702,2022-09-19,Bourgogne-Franche-Comté,8.0
703,2022-09-20,,27.58744394618834
704,2022-09-21,Bourgogne-Franche-Comté,24.0
706,2022-09-22,Bourgogne-Franche-Comté,10.0
707,2022-09-23,,27.58744394618834
708,2022-09-24,Bourgogne-Franche-Comté,22.0
710,2022-09-25,Bourgogne-Franche-Comté,19.0
711,2022-09-26,Bourgogne-Franche-Comté,25.0
712,2022-09-27,,27.58744394618834
713,2022-09-28,Bourgogne-Franche-Comté,14.0
714,2022-09-29,Bourgogne-Franche-Comté,16.0
716,2022-09-30,Bourgogne-Franche-Comté,18.0
717,2022-10-01,Bourgogne-Franche-Comté,21.0
718,2022-10-02,Bourgogne-Franche-Comté,11.0
719,2022-10-03,,27.58744394618834
720,2022-10-04,Bourgogne-Franche-Comté,9.0
722,2022-10-05,Bourgogne-Franche-Comté,28.0
723,2022-10-06,Bourgogne-Franche-Comté,28.0
724,2022-10-07,Bourgogne-Franche-Comté,21.0
725,2022-10-08,Bourgogne-Franche-Comté,23.0
726,2022-10-09,Bourgogne-Franche-Comté,19.0
727,2022-10-10,Bourgogne-Franche-Comté,24.0
728,2022-10-11,Bourgogne-Franche-Comté,33.0
729,2022-10-12,Bourgogne-Franche-Comté,37.0
730,2022-10-13,Bourgogne-Franche-Comté,45.0
731,2022-10-14,Bourgogne-Franche-Comté,36.0
732,2022-10-15,,27.58744394618834
733,2022-10-16,Bourgogne-Franche-Comté,9.0
735,2022-10-17,Bourgogne-Franche-Comté,18.0
736,2022-10-18,Bourgogne-Franche-Comté,23.0
737,2022-10-19,Bourgogne-Franche-Comté,23.0
738,2022-10-20,,27.58744394618834
739,2022-10-21,Bourgogne-Franche-Comté,38.0
741,2022-10-22,Bourgogne-Franche-Comté,28.0
742,2022-10-23,,27.58744394618834
743,2022-10-24,,27.58744394618834
744,2022-10-25,Bourgogne-Franche-Comté,17.0
746,2022-10-26,Bourgogne-Franche-Comté,17.0
747,2022-10-27,,27.58744394618834
748,2022-10-28,Bourgogne-Franche-Comté,32.0
750,2022-10-29,Bourgogne-Franche-Comté,49.0
751,2022-10-30,Bourgogne-Franche-Comté,48.0
752,2022-10-31,Bourgogne-Franche-Comté,42.0
753,2022-11-01,Bourgogne-Franche-Comté,42.0
754,2022-11-02,Bourgogne-Franche-Comté,17.0
755,2022-11-03,Bourgogne-Franche-Comté,22.0
756,2022-11-04,,27.58744394618834
757,2022-11-05,Bourgogne-Franche-Comté,13.0
759,2022-11-06,,27.58744394618834
760,2022-11-07,Bourgogne-Franche-Comté,29.0
761,2022-11-08,Bourgogne-Franche-Comté,19.0
763,2022-11-09,Bourgogne-Franche-Comté,25.0
764,2022-11-10,Bourgogne-Franche-Comté,23.0
765,2022-11-11,Bourgogne-Franche-Comté,26.0
766,2022-11-12,Bourgogne-Franche-Comté,28.0
767,2022-11-13,Bourgogne-Franche-Comté,26.0
768,2022-11-14,Bourgogne-Franche-Comté,29.0
769,2022-11-15,Bourgogne-Franche-Comté,28.0
770,2022-11-16,Bourgogne-Franche-Comté,22.0
771,2022-11-17,Bourgogne-Franche-Comté,13.0
772,2022-11-18,Bourgogne-Franche-Comté,13.0
773,2022-11-19,Bourgogne-Franche-Comté,14.0
774,2022-11-20,Bourgogne-Franche-Comté,16.0
775,2022-11-21,Bourgogne-Franche-Comté,18.0
776,2022-11-22,Bourgogne-Franche-Comté,15.0
777,2022-11-23,Bourgogne-Franche-Comté,16.0
778,2022-11-24,Bourgogne-Franche-Comté,31.0
779,2022-11-25,Bourgogne-Franche-Comté,30.0
780,2022-11-26,Bourgogne-Franche-Comté,37.0
781,2022-11-27,Bourgogne-Franche-Comté,20.0
782,2022-11-28,Bourgogne-Franche-Comté,42.0
783,2022-11-29,Bourgogne-Franche-Comté,34.0
784,2022-11-30,,27.58744394618834
785,2022-12-01,,27.58744394618834
786,2022-12-02,,27.58744394618834
787,2022-12-03,Bourgogne-Franche-Comté,63.0
789,2022-12-04,Bourgogne-Franche-Comté,39.0
790,2022-12-05,Bourgogne-Franche-Comté,52.0
791,2022-12-06,Bourgogne-Franche-Comté,32.0
792,2022-12-07,,27.58744394618834
793,2022-12-08,Bourgogne-Franche-Comté,25.0
795,2022-12-09,Bourgogne-Franche-Comté,30.0
796,2022-12-10,Bourgogne-Franche-Comté,37.0
797,2022-12-11,Bourgogne-Franche-Comté,37.0
798,2022-12-12,Bourgogne-Franche-Comté,50.0
799,2022-12-13,Bourgogne-Franche-Comté,61.0
800,2022-12-14,Bourgogne-Franche-Comté,51.0
801,2022-12-15,Bourgogne-Franche-Comté,49.0
802,2022-12-16,,27.58744394618834
803,2022-12-17,Bourgogne-Franche-Comté,44.0
805,2022-12-18,Bourgogne-Franche-Comté,60.0
806,2022-12-19,Bourgogne-Franche-Comté,66.0
807,2022-12-20,,27.58744394618834
808,2022-12-21,Bourgogne-Franche-Comté,16.0
809,2022-12-22,Bourgogne-Franche-Comté,16.0
811,2022-12-23,Bourgogne-Franche-Comté,28.0
812,2022-12-24,Bourgogne-Franche-Comté,8.0
813,2022-12-25,Bourgogne-Franche-Comté,31.0
814,2022-12-26,Bourgogne-Franche-Comté,33.0
815,2022-12-27,Bourgogne-Franche-Comté,26.0
816,2022-12-28,Bourgogne-Franche-Comté,31.0
817,2022-12-29,Bourgogne-Franche-Comté,45.0
818,2022-12-30,,27.58744394618834
819,2022-12-31,Bourgogne-Franche-Comté,26.0
820,2023-01-01,Bourgogne-Franche-Comté,24.0
821,2023-01-02,Bourgogne-Franche-Comté,32.0
822,2023-01-03,Bourgogne-Franche-Comté,34.0
824,2023-01-04,,27.58744394618834
825,2023-01-05,Bourgogne-Franche-Comté,24.0
826,2023-01-06,Bourgogne-Franche-Comté,14.0
827,2023-01-07,Bourgogne-Franche-Comté,21.0
829,2023-01-08,Bourgogne-Franche-Comté,21.0
830,2023-01-09,Bourgogne-Franche-Comté,13.0
831,2023-01-10,,27.58744394618834
832,2023-01-11,Bourgogne-Franche-Comté,19.0
834,2023-01-12,Bourgogne-Franche-Comté,28.0
835,2023-01-13,,27.58744394618834
836,2023-01-14,Bourgogne-Franche-Comté,17.0
837,2023-01-15,Bourgogne-Franche-Comté,26.0
839,2023-01-16,Bourgogne-Franche-Comté,11.0
840,2023-01-17,Bourgogne-Franche-Comté,12.0
841,2023-01-18,,27.58744394618834
842,2023-01-19,Bourgogne-Franche-Comté,30.0
844,2023-01-20,Bourgogne-Franche-Comté,49.0
845,2023-01-21,Bourgogne-Franche-Comté,34.0
846,2023-01-22,Bourgogne-Franche-Comté,34.0
847,2023-01-23,,27.58744394618834
848,2023-01-24,Bourgogne-Franche-Comté,27.0
850,2023-01-25,Bourgogne-Franche-Comté,42.0
851,2023-01-26,,27.58744394618834
852,2023-01-27,Bourgogne-Franche-Comté,16.0
854,2023-01-28,,27.58744394618834
855,2023-01-29,Bourgogne-Franche-Comté,23.0
857,2023-01-30,,27.58744394618834
858,2023-01-31,,27.58744394618834
859,2023-02-01,,27.58744394618834
860,2023-02-02,,27.58744394618834
861,2023-02-03,,27.58744394618834
862,2023-02-04,,27.58744394618834
863,2023-02-05,,27.58744394618834
864,2023-02-06,,27.58744394618834
865,2023-02-07,Bourgogne-Franche-Comté,18.0
867,2023-02-08,Bourgogne-Franche-Comté,41.0
868,2023-02-09,,27.58744394618834
869,2023-02-10,,27.58744394618834
870,2023-02-11,,27.58744394618834
871,2023-02-12,,27.58744394618834
872,2023-02-13,,27.58744394618834
873,2023-02-14,,27.58744394618834
874,2023-02-15,,27.58744394618834
875,2023-02-16,Bourgogne-Franche-Comté,92.0
877,2023-02-17,,27.58744394618834
878,2023-02-18,,27.58744394618834
879,2023-02-19,,27.58744394618834
880,2023-02-20,,27.58744394618834
881,2023-02-21,,27.58744394618834
882,2023-02-22,,27.58744394618834
883,2023-02-23,Bourgogne-Franche-Comté,83.0
885,2023-02-24,,27.58744394618834
886,2023-02-25,,27.58744394618834
887,2023-02-26,,27.58744394618834
888,2023-02-27,,27.58744394618834
889,2023-02-28,Bourgogne-Franche-Comté,19.0
891,2023-03-01,,27.58744394618834
892,2023-03-02,Bourgogne-Franche-Comté,61.0
894,2023-03-03,Bourgogne-Franche-Comté,73.0
895,2023-03-04,,27.58744394618834
896,2023-03-05,,27.58744394618834
897,2023-03-06,,27.58744394618834
898,2023-03-07,,27.58744394618834
899,2023-03-08,,27.58744394618834
900,2023-03-09,,27.58744394618834
901,2023-03-10,,27.58744394618834
902,2023-03-11,,27.58744394618834
903,2023-03-12,,27.58744394618834
904,2023-03-13,,27.58744394618834
905,2023-03-14,,27.58744394618834
906,2023-03-15,,27.58744394618834
907,2023-03-16,,27.58744394618834
908,2023-03-17,Bourgogne-Franche-Comté,28.0
910,2023-03-18,Bourgogne-Franche-Comté,18.0
911,2023-03-19,,27.58744394618834
912,2023-03-20,Bourgogne-Franche-Comté,22.0
914,2023-03-21,Bourgogne-Franche-Comté,25.0
915,2023-03-22,Bourgogne-Franche-Comté,29.0
916,2023-03-23,Bourgogne-Franche-Comté,25.0
917,2023-03-24,Bourgogne-Franche-Comté,31.0
918,2023-03-25,Bourgogne-Franche-Comté,26.0
919,2023-03-26,,27.58744394618834
920,2023-03-27,,27.58744394618834
921,2023-03-28,,27.58744394618834
922,2023-03-29,Bourgogne-Franche-Comté,19.0
924,2023-03-30,Bourgogne-Franche-Comté,43.0
925,2023-03-31,Bourgogne-Franche-Comté,13.0
926,2023-04-01,Bourgogne-Franche-Comté,25.0
927,2023-04-02,,27.58744394618834
928,2023-04-03,,27.58744394618834
929,2023-04-04,,27.58744394618834
930,2023-04-05,,27.58744394618834
931,2023-04-06,,27.58744394618834
932,2023-04-07,,27.58744394618834
933,2023-04-08,,27.58744394618834
934,2023-04-09,Bourgogne-Franche-Comté,15.0
936,2023-04-10,,27.58744394618834
937,2023-04-11,,27.58744394618834
938,2023-04-12,Bourgogne-Franche-Comté,13.0
940,2023-04-13,Bourgogne-Franche-Comté,23.0
941,2023-04-14,Bourgogne-Franche-Comté,15.0
942,2023-04-15,Bourgogne-Franche-Comté,17.0
943,2023-04-16,,27.58744394618834
944,2023-04-17,Bourgogne-Franche-Comté,35.0
946,2023-04-18,,27.58744394618834
947,2023-04-19,Bourgogne-Franche-Comté,23.0
949,2023-04-20,,27.58744394618834
950,2023-04-21,Bourgogne-Franche-Comté,24.0
952,2023-04-22,Bourgogne-Franche-Comté,28.0
953,2023-04-23,,27.58744394618834
954,2023-04-24,Bourgogne-Franche-Comté,18.0
956,2023-04-25,Bourgogne-Franche-Comté,22.0
957,2023-04-26,Bourgogne-Franche-Comté,13.0
958,2023-04-27,,27.58744394618834
959,2023-04-28,Bourgogne-Franche-Comté,21.0
960,2023-04-29,Bourgogne-Franche-Comté,14.0
962,2023-04-30,Bourgogne-Franche-Comté,14.0
963,2023-05-01,Bourgogne-Franche-Comté,19.0
964,2023-05-02,Bourgogne-Franche-Comté,17.0
965,2023-05-03,Bourgogne-Franche-Comté,23.0
966,2023-05-04,Bourgogne-Franche-Comté,19.0
967,2023-05-05,Bourgogne-Franche-Comté,21.0
968,2023-05-06,Bourgogne-Franche-Comté,13.0
969,2023-05-07,,27.58744394618834
970,2023-05-08,Bourgogne-Franche-Comté,10.0
972,2023-05-09,,27.58744394618834
973,2023-05-10,Bourgogne-Franche-Comté,15.0
974,2023-05-11,Bourgogne-Franche-Comté,13.0
976,2023-05-12,Bourgogne-Franche-Comté,9.0
977,2023-05-13,,27.58744394618834
978,2023-05-14,Bourgogne-Franche-Comté,16.0
980,2023-05-15,Bourgogne-Franche-Comté,28.0
981,2023-05-16,Bourgogne-Franche-Comté,45.0
982,2023-05-17,Bourgogne-Franche-Comté,22.0
983,2023-05-18,,27.58744394618834
984,2023-05-19,Bourgogne-Franche-Comté,22.0
986,2023-05-20,Bourgogne-Franche-Comté,31.0
987,2023-05-21,Bourgogne-Franche-Comté,30.0
988,2023-05-22,Bourgogne-Franche-Comté,42.0
989,2023-05-23,Bourgogne-Franche-Comté,52.0
990,2023-05-24,,27.58744394618834
991,2023-05-25,Bourgogne-Franche-Comté,29.0
993,2023-05-26,Bourgogne-Franche-Comté,28.0
994,2023-05-27,Bourgogne-Franche-Comté,32.0
995,2023-05-28,Bourgogne-Franche-Comté,35.0
996,2023-05-29,Bourgogne-Franche-Comté,36.0
997,2023-05-30,Bourgogne-Franche-Comté,30.0
998,2023-05-31,,27.58744394618834
999,2023-06-01,Bourgogne-Franche-Comté,27.0
1000,2023-06-02,Bourgogne-Franche-Comté,24.0
1002,2023-06-03,Bourgogne-Franche-Comté,32.0
1003,2023-06-04,Bourgogne-Franche-Comté,29.0
1004,2023-06-05,Bourgogne-Franche-Comté,37.0
1005,2023-06-06,Bourgogne-Franche-Comté,30.0
1006,2023-06-07,Bourgogne-Franche-Comté,31.0
1007,2023-06-08,Bourgogne-Franche-Comté,38.0
1008,2023-06-09,Bourgogne-Franche-Comté,39.0
1009,2023-06-10,Bourgogne-Franche-Comté,27.0
1010,2023-06-11,Bourgogne-Franche-Comté,23.0
1011,2023-06-12,Bourgogne-Franche-Comté,14.0
1012,2023-06-13,,27.58744394618834
1013,2023-06-14,Bourgogne-Franche-Comté,31.0
1015,2023-06-15,Bourgogne-Franche-Comté,36.0
1016,2023-06-16,,27.58744394618834
1017,2023-06-17,Bourgogne-Franche-Comté,30.0
1019,2023-06-18,,27.58744394618834
1020,2023-06-19,Bourgogne-Franche-Comté,39.0
1022,2023-06-20,Bourgogne-Franche-Comté,29.0
1023,2023-06-21,Bourgogne-Franche-Comté,24.0
1024,2023-06-22,Bourgogne-Franche-Comté,11.0
1025,2023-06-23,Bourgogne-Franche-Comté,25.0
1026,2023-06-24,Bourgogne-Franche-Comté,28.0
1027,2023-06-25,Bourgogne-Franche-Comté,26.0
1028,2023-06-26,,27.58744394618834
1029,2023-06-27,Bourgogne-Franche-Comté,30.0
1031,2023-06-28,Bourgogne-Franche-Comté,21.0
1032,2023-06-29,Bourgogne-Franche-Comté,19.0
1033,2023-06-30,Bourgogne-Franche-Comté,39.0
1034,2023-07-01,Bourgogne-Franche-Comté,23.0
1035,2023-07-02,Bourgogne-Franche-Comté,10.0
1036,2023-07-03,Bourgogne-Franche-Comté,39.0
1037,2023-07-04,Bourgogne-Franche-Comté,15.0
1038,2023-07-05,Bourgogne-Franche-Comté,7.0
1039,2023-07-06,Bourgogne-Franche-Comté,6.0
1040,2023-07-07,Bourgogne-Franche-Comté,13.0
1041,2023-07-08,Bourgogne-Franche-Comté,23.0
1042,2023-07-09,Bourgogne-Franche-Comté,30.0
1043,2023-07-10,Bourgogne-Franche-Comté,31.0
1044,2023-07-11,Bourgogne-Franche-Comté,27.0
1045,2023-07-12,Bourgogne-Franche-Comté,32.0
1046,2023-07-13,Bourgogne-Franche-Comté,20.0
1047,2023-07-14,Bourgogne-Franche-Comté,14.0
1048,2023-07-15,Bourgogne-Franche-Comté,11.0
1049,2023-07-16,Bourgogne-Franche-Comté,28.0
1050,2023-07-17,,27.58744394618834
1051,2023-07-18,Bourgogne-Franche-Comté,11.0
1053,2023-07-19,Bourgogne-Franche-Comté,13.0
1054,2023-07-20,Bourgogne-Franche-Comté,16.0
1055,2023-07-21,Bourgogne-Franche-Comté,9.0
1056,2023-07-22,Bourgogne-Franche-Comté,12.0
1057,2023-07-23,Bourgogne-Franche-Comté,10.0
1058,2023-07-24,,27.58744394618834
1059,2023-07-25,Bourgogne-Franche-Comté,14.0
1061,2023-07-26,Bourgogne-Franche-Comté,8.0
1062,2023-07-27,Bourgogne-Franche-Comté,10.0
1063,2023-07-28,Bourgogne-Franche-Comté,12.0
1064,2023-07-29,Bourgogne-Franche-Comté,5.0
1065,2023-07-30,Bourgogne-Franche-Comté,13.0
1066,2023-07-31,,27.58744394618834
1067,2023-08-01,Bourgogne-Franche-Comté,8.0
1069,2023-08-02,Bourgogne-Franche-Comté,14.0
1070,2023-08-03,,27.58744394618834
1071,2023-08-04,Bourgogne-Franche-Comté,8.0
1073,2023-08-05,Bourgogne-Franche-Comté,5.0
1074,2023-08-06,Bourgogne-Franche-Comté,12.0
1075,2023-08-07,Bourgogne-Franche-Comté,11.0
1076,2023-08-08,Bourgogne-Franche-Comté,12.0
1077,2023-08-09,Bourgogne-Franche-Comté,17.0
1078,2023-08-10,Bourgogne-Franche-Comté,13.0
1079,2023-08-11,Bourgogne-Franche-Comté,16.0
1080,2023-08-12,Bourgogne-Franche-Comté,15.0
1081,2023-08-13,Bourgogne-Franche-Comté,14.0
1082,2023-08-14,Bourgogne-Franche-Comté,6.0
1083,2023-08-15,Bourgogne-Franche-Comté,10.0
1084,2023-08-16,Bourgogne-Franche-Comté,23.0
1085,2023-08-17,Bourgogne-Franche-Comté,15.0
1086,2023-08-18,Bourgogne-Franche-Comté,13.0
1087,2023-08-19,Bourgogne-Franche-Comté,23.0
1088,2023-08-20,,27.58744394618834
1089,2023-08-21,,27.58744394618834
1090,2023-08-22,Bourgogne-Franche-Comté,31.0
1092,2023-08-23,Bourgogne-Franche-Comté,22.0
1093,2023-08-24,Bourgogne-Franche-Comté,19.0
1094,2023-08-25,Bourgogne-Franche-Comté,24.0
1095,2023-08-26,Bourgogne-Franche-Comté,27.0
1096,2023-08-27,Bourgogne-Franche-Comté,12.0
1097,2023-08-28,,27.58744394618834
1098,2023-08-29,Bourgogne-Franche-Comté,11.0
1100,2023-08-30,Bourgogne-Franche-Comté,14.0
1101,2023-08-31,Bourgogne-Franche-Comté,14.0
1102,2023-09-01,Bourgogne-Franche-Comté,10.0
1103,2023-09-02,Bourgogne-Franche-Comté,7.0
1104,2023-09-03,Bourgogne-Franche-Comté,14.0
1105,2023-09-04,Bourgogne-Franche-Comté,13.0
1106,2023-09-05,Bourgogne-Franche-Comté,12.0
1107,2023-09-06,Bourgogne-Franche-Comté,24.0
1108,2023-09-07,Bourgogne-Franche-Comté,19.0
1109,2023-09-08,Bourgogne-Franche-Comté,20.0
1110,2023-09-09,Bourgogne-Franche-Comté,33.0
1111,2023-09-10,Bourgogne-Franche-Comté,35.0
1112,2023-09-11,Bourgogne-Franche-Comté,35.0
1113,2023-09-12,Bourgogne-Franche-Comté,34.0
1114,2023-09-13,,27.58744394618834
1115,2023-09-14,Bourgogne-Franche-Comté,16.0
1117,2023-09-15,Bourgogne-Franche-Comté,8.0
1118,2023-09-16,Bourgogne-Franche-Comté,24.0
1119,2023-09-17,Bourgogne-Franche-Comté,22.0
1120,2023-09-18,,27.58744394618834
1121,2023-09-19,Bourgogne-Franche-Comté,11.0
1123,2023-09-20,Bourgogne-Franche-Comté,9.0
1124,2023-09-21,,27.58744394618834
1125,2023-09-22,Bourgogne-Franche-Comté,6.0
1127,2023-09-23,,27.58744394618834
1128,2023-09-24,Bourgogne-Franche-Comté,8.0
1130,2023-09-25,Bourgogne-Franche-Comté,5.0
1131,2023-09-26,Bourgogne-Franche-Comté,11.0
1132,2023-09-27,Bourgogne-Franche-Comté,20.0
1133,2023-09-28,,27.58744394618834
1134,2023-09-29,Bourgogne-Franche-Comté,27.0
1136,2023-09-30,,27.58744394618834
1137,2023-10-01,Bourgogne-Franche-Comté,27.0
1139,2023-10-02,,27.58744394618834
1140,2023-10-03,Bourgogne-Franche-Comté,42.0
1142,2023-10-04,Bourgogne-Franche-Comté,25.0
1143,2023-10-05,Bourgogne-Franche-Comté,10.0
1144,2023-10-06,Bourgogne-Franche-Comté,11.0
1145,2023-10-07,Bourgogne-Franche-Comté,17.0
1146,2023-10-08,Bourgogne-Franche-Comté,16.0
1147,2023-10-09,,27.58744394618834
1148,2023-10-10,Bourgogne-Franche-Comté,33.0
1150,2023-10-11,Bourgogne-Franche-Comté,40.0
1151,2023-10-12,Bourgogne-Franche-Comté,37.0
1152,2023-10-13,Bourgogne-Franche-Comté,36.0
1153,2023-10-14,Bourgogne-Franche-Comté,34.0
1154,2023-10-15,Bourgogne-Franche-Comté,26.0
1155,2023-10-16,Bourgogne-Franche-Comté,13.0
1156,2023-10-17,Bourgogne-Franche-Comté,11.0
1157,2023-10-18,Bourgogne-Franche-Comté,17.0
1158,2023-10-19,Bourgogne-Franche-Comté,22.0
1159,2023-10-20,Bourgogne-Franche-Comté,14.0
1160,2023-10-21,Bourgogne-Franche-Comté,3.0
1161,2023-10-22,Bourgogne-Franche-Comté,3.0
1162,2023-10-23,Bourgogne-Franche-Comté,18.0
1163,2023-10-24,Bourgogne-Franche-Comté,15.0
1164,2023-10-25,Bourgogne-Franche-Comté,15.0
1165,2023-10-26,Bourgogne-Franche-Comté,6.0
1166,2023-10-27,Bourgogne-Franche-Comté,10.0
1167,2023-10-28,Bourgogne-Franche-Comté,8.0
1168,2023-10-29,Bourgogne-Franche-Comté,8.0
1169,2023-10-30,Bourgogne-Franche-Comté,16.0
1170,2023-10-31,Bourgogne-Franche-Comté,6.0
1171,2023-11-01,Bourgogne-Franche-Comté,8.0
1172,2023-11-02,Bourgogne-Franche-Comté,8.0
1173,2023-11-03,Bourgogne-Franche-Comté,6.0
1174,2023-11-04,Bourgogne-Franche-Comté,10.0
1175,2023-11-05,Bourgogne-Franche-Comté,10.0
1176,2023-11-06,Bourgogne-Franche-Comté,8.0
1177,2023-11-07,Bourgogne-Franche-Comté,7.0
1178,2023-11-08,Bourgogne-Franche-Comté,18.0
1179,2023-11-09,Bourgogne-Franche-Comté,20.0
1180,2023-11-10,Bourgogne-Franche-Comté,20.0
1181,2023-11-11,Bourgogne-Franche-Comté,8.0
1182,2023-11-12,Bourgogne-Franche-Comté,14.0
1183,2023-11-13,Bourgogne-Franche-Comté,22.0
1184,2023-11-14,Bourgogne-Franche-Comté,9.0
1185,2023-11-15,,27.58744394618834
1186,2023-11-16,Bourgogne-Franche-Comté,15.0
1188,2023-11-17,Bourgogne-Franche-Comté,18.0
1189,2023-11-18,Bourgogne-Franche-Comté,19.0
1190,2023-11-19,Bourgogne-Franche-Comté,32.0
1191,2023-11-20,Bourgogne-Franche-Comté,15.0
1192,2023-11-21,,27.58744394618834
1193,2023-11-22,,27.58744394618834
1194,2023-11-23,,27.58744394618834
1195,2023-11-24,Bourgogne-Franche-Comté,37.0
1197,2023-11-25,Bourgogne-Franche-Comté,10.0
1198,2023-11-26,,27.58744394618834
1199,2023-11-27,Bourgogne-Franche-Comté,30.0
1200,2023-11-28,Bourgogne-Franche-Comté,48.0
1202,2023-11-29,Bourgogne-Franche-Comté,22.0
1203,2023-11-30,Bourgogne-Franche-Comté,48.0
1204,2023-12-01,Bourgogne-Franche-Comté,35.0
1205,2023-12-02,,27.58744394618834
1206,2023-12-03,Bourgogne-Franche-Comté,46.0
1208,2023-12-04,Bourgogne-Franche-Comté,67.0
1209,2023-12-05,,27.58744394618834
1210,2023-12-06,Bourgogne-Franche-Comté,19.0
1212,2023-12-07,Bourgogne-Franche-Comté,27.0
1213,2023-12-08,Bourgogne-Franche-Comté,35.0
1214,2023-12-09,Bourgogne-Franche-Comté,38.0
1215,2023-12-10,Bourgogne-Franche-Comté,28.0
1216,2023-12-11,,27.58744394618834
1217,2023-12-12,Bourgogne-Franche-Comté,18.0
1219,2023-12-13,Bourgogne-Franche-Comté,14.0
1220,2023-12-14,Bourgogne-Franche-Comté,15.0
1221,2023-12-15,Bourgogne-Franche-Comté,19.0
1222,2023-12-16,Bourgogne-Franche-Comté,32.0
1223,2023-12-17,,27.58744394618834
1224,2023-12-18,Bourgogne-Franche-Comté,48.0
1226,2023-12-19,Bourgogne-Franche-Comté,44.0
1227,2023-12-20,Bourgogne-Franche-Comté,43.0
1228,2023-12-21,Bourgogne-Franche-Comté,31.0
1229,2023-12-22,Bourgogne-Franche-Comté,16.0
1230,2023-12-23,Bourgogne-Franche-Comté,14.0
1231,2023-12-24,Bourgogne-Franche-Comté,15.0
1232,2023-12-25,Bourgogne-Franche-Comté,10.0
1233,2023-12-26,Bourgogne-Franche-Comté,17.0
1234,2023-12-27,,27.58744394618834
1235,2023-12-28,Bourgogne-Franche-Comté,59.0
1237,2023-12-29,Bourgogne-Franche-Comté,38.0
1238,2023-12-30,Bourgogne-Franche-Comté,34.0
1239,2023-12-31,,27.58744394618834
