,Athlète,Date,Région,Département,Distance,Durée,Dénivelé,Puissance moyenne,Effort,Charge entraînement,Intensité,Vitesse moyenne,Vitesse max,Météo,Température,Humidité,Température ressentie,Vitesse vent,Direction vent
0,Quentin Pacher,2023-01-31,Occitanie,Haute-Garonne,51.26,1:47:18,542,999,9999,999,99,28.7,62.5,Quelques nuages,3,87,0,9.6,W
1,Quentin Pacher,2023-01-13,Occitanie,Haute-Garonne,60.48,2:00:38,499,215,1459,65,57,30.1,65.3,Nuages,8,82,7,9.4,SW
2,Quentin Pacher,2023-01-12,Occitanie,Haute-Garonne,97.39,2:56:27,459,211,2124,95,56,33.1,59.9,Quelques nuages,6,87,5,7.4,SW
3,Quentin Pacher,2023-01-10,Occitanie,Haute-Garonne,65.2,1:57:28,448,999,9999,999,99,33.3,61.0,Quelques nuages,10,72,10,3.5,SSW
4,Quentin Pacher,2023-02-28,Occitanie,Haute-Garonne,47.78,1:34:37,482,243,1298,64,64,30.3,56.3,Quelques nuages,4,56,0,19.3,WNW
5,Quentin Pacher,2023-02-18,Provence-Alpes-Côte d'Azur,Alpes-Maritimes,5.35,10:48,19,112,64,1,29,29.8,52.8,Dégagé,14,68,14,7.4,ESE
6,Quentin Pacher,2023-02-15,Occitanie,Haute-Garonne,59.71,1:52:52,534,999,9999,999,99,31.7,64.7,Nuages,8,87,4,20.3,SE
7,Quentin Pacher,2023-02-13,Occitanie,Ariège,94.5,3:14:17,2011,285,2784,186,75,29.2,70.0,Dégagé,10,38,9,6.1,SSE
8,Quentin Pacher,2023-02-12,Occitanie,Haute-Garonne,122.06,4:00:51,1370,999,9999,999,99,30.4,64.3,Dégagé,6,69,3,16.0,SE
9,Quentin Pacher,2023-02-11,Occitanie,Haute-Garonne,52.41,1:48:24,461,194,1180,47,51,29.0,54.2,Dégagé,3,73,0,12.0,ESE
10,Quentin Pacher,2023-02-10,Occitanie,Ariège,85.8,3:03:02,1927,288,2576,182,76,28.1,64.0,Dégagé,3,37,3,3.3,NW
11,Quentin Pacher,2023-02-09,Occitanie,Haute-Garonne,209.46,7:04:05,2550,999,9999,999,99,29.6,65.4,Dégagé,2,86,2,13.8,SE
12,Quentin Pacher,2023-02-08,Occitanie,Haute-Garonne,94.3,2:43:43,597,999,9999,999,99,34.6,69.6,Dégagé,2,81,2,15.7,E
13,Quentin Pacher,2023-02-06,Occitanie,Haute-Garonne,61.59,2:05:11,918,296,1661,126,78,29.5,66.3,Dégagé,3,86,0,8.7,WNW
14,Quentin Pacher,2023-02-05,Occitanie,Haute-Garonne,116.31,3:53:08,1219,999,9999,999,99,29.9,62.7,Quelques nuages,5,97,1,14.4,WNW
15,Quentin Pacher,2023-02-03,Occitanie,Haute-Garonne,94.67,2:58:09,1443,283,2733,164,74,31.9,70.5,Quelques nuages,3,86,1,6.7,W
16,Quentin Pacher,2023-02-02,Auvergne-Rhône-Alpes,Ain,116.2,4:18:15,2410,999,9999,999,99,27.0,90.5,Quelques nuages,2,74,1,5.4,WSW
17,Quentin Pacher,2023-02-01,Occitanie,Haute-Garonne,83.18,2:46:37,709,999,9999,999,99,30.0,56.7,Quelques nuages,7,81,5,13.3,NW
18,Quentin Pacher,2023-03-31,Occitanie,Haute-Garonne,47.08,1:35:46,393,999,9999,999,99,29.5,55.4,Nuages,13,79,13,11.7,W
19,Quentin Pacher,2023-03-30,Occitanie,Haute-Garonne,133.13,4:05:27,1518,999,9999,999,99,32.5,66.7,Quelques nuages,16,68,16,8.9,WNW
20,Quentin Pacher,2023-03-29,Occitanie,Haute-Garonne,44.41,1:26:26,526,216,1029,46,57,30.8,61.0,Nuages,12,66,12,19.4,SE
21,Quentin Pacher,2023-03-27,Occitanie,Tarn,162.85,5:34:16,3310,999,9999,999,99,29.2,77.4,Nuages,8,81,5,19.2,NW
22,Quentin Pacher,2023-03-26,Occitanie,Haute-Garonne,85.55,2:51:39,665,999,9999,999,99,29.9,62.3,Nuages,10,81,8,15.0,W
23,Quentin Pacher,2023-03-25,Occitanie,Haute-Garonne,141.28,4:29:46,1944,999,9999,999,99,31.4,62.1,Quelques nuages,14,60,13,11.6,W
24,Quentin Pacher,2023-03-24,Occitanie,Haute-Garonne,49.16,1:38:49,575,202,1102,46,53,29.9,54.6,Nuages,15,75,15,8.5,SW
25,Quentin Pacher,2023-03-23,Occitanie,Haute-Garonne,92.63,3:09:23,1376,999,9999,999,99,29.3,63.7,Nuages,15,75,14,17.9,SE
26,Quentin Pacher,2023-03-22,Occitanie,Haute-Garonne,127.81,4:00:16,1170,223,3000,142,59,31.9,62.4,Quelques nuages,6,87,5,5.4,SE
27,Quentin Pacher,2023-03-21,Occitanie,Haute-Garonne,96.09,3:00:06,962,999,9999,999,99,32.0,66.0,Nuages,16,58,15,7.5,NW
28,Quentin Pacher,2023-03-20,Occitanie,Haute-Garonne,50.16,1:35:19,357,204,1098,46,54,31.6,64.5,Quelques nuages,8,86,7,4.2,WNW
29,Quentin Pacher,2023-03-16,Occitanie,Haute-Garonne,77.27,2:25:49,1040,999,9999,999,99,31.8,65.8,Dégagé,7,91,3,23.0,ESE
30,Quentin Pacher,2023-03-15,Occitanie,Haute-Garonne,64.82,2:06:44,511,203,1421,60,53,30.7,64.5,Quelques nuages,10,81,10,17.4,WNW
31,Quentin Pacher,2023-03-02,Provence-Alpes-Côte d'Azur,Var,57.39,1:59:27,1079,999,9999,999,99,28.8,66.8,Quelques nuages,10,76,8,11.4,NE
32,Quentin Pacher,2023-03-01,Occitanie,Haute-Garonne,112.81,3:32:02,1439,999,9999,999,99,31.9,68.2,Quelques nuages,2,64,1,11.3,SW
33,Quentin Pacher,2023-04-24,Occitanie,Lot,75.13,2:54:35,2213,999,9999,999,99,25.8,74.2,Nuages,6,83,3,17.5,W
34,Quentin Pacher,2023-04-18,Auvergne-Rhône-Alpes,Ain,54.03,1:43:22,651,999,9999,999,99,31.4,71.5,Dégagé,8,74,6,16.0,ENE
35,Quentin Pacher,2023-04-13,Occitanie,Haute-Garonne,133.93,4:20:37,1407,999,9999,999,99,30.8,60.3,Quelques nuages,7,83,4,20.7,W
36,Quentin Pacher,2023-04-12,Occitanie,Haute-Garonne,99.51,3:18:31,1110,999,9999,999,99,30.1,61.2,Nuages,15,67,15,9.7,WSW
37,Quentin Pacher,2023-04-11,Occitanie,Haute-Garonne,72.57,2:16:01,592,999,9999,999,99,32.0,67.3,Nuages,13,77,12,14.5,WNW
38,Quentin Pacher,2023-04-10,Occitanie,Haute-Garonne,52.09,1:44:33,348,176,1032,37,46,29.9,58.2,Nuages,13,72,12,8.5,W
39,Quentin Pacher,2023-04-01,Occitanie,Haute-Garonne,39.23,1:17:17,536,999,9999,999,99,30.5,61.9,Vent,12,68,12,27.4,W
40,Quentin Pacher,2023-05-31,Provence-Alpes-Côte d'Azur,Alpes-Maritimes,188.76,6:41:49,3193,999,9999,999,99,28.2,72.4,Nuages,20,63,20,7.5,ESE
41,Quentin Pacher,2023-05-30,Provence-Alpes-Côte d'Azur,Alpes-Maritimes,113.95,3:57:28,2548,999,9999,999,99,28.8,68.8,Nuages,25,47,25,6.5,SSE
42,Quentin Pacher,2023-05-28,Provence-Alpes-Côte d'Azur,Alpes-Maritimes,127.49,4:38:26,2203,999,9999,999,99,27.5,63.9,Quelques nuages,22,63,22,6.8,SSE
43,Quentin Pacher,2023-05-25,Provence-Alpes-Côte d'Azur,Alpes-Maritimes,158.59,5:32:03,2605,999,9999,999,99,28.7,61.0,Nuages,19,72,19,8.1,E
44,Quentin Pacher,2023-05-24,Provence-Alpes-Côte d'Azur,Alpes-Maritimes,105.35,3:35:27,2029,999,9999,999,99,29.3,69.7,Dégagé,22,67,22,8.7,SE
45,Quentin Pacher,2023-05-21,Occitanie,Haute-Garonne,93.78,3:01:19,923,999,9999,999,99,31.0,69.2,Nuages,18,69,17,5.4,NNE
46,Quentin Pacher,2023-05-20,Occitanie,Haute-Garonne,152.05,4:52:24,1679,208,3388,151,55,31.2,65.2,Nuages,15,68,15,16.1,W
47,Quentin Pacher,2023-05-19,Occitanie,Haute-Garonne,130.32,4:01:41,1275,232,3180,156,61,32.4,59.9,Nuages,15,66,14,17.4,WNW
48,Quentin Pacher,2023-05-18,Occitanie,Haute-Garonne,93.61,3:03:57,610,197,2098,84,52,30.5,55.0,Nuages,12,62,11,15.3,WNW
49,Quentin Pacher,2023-05-16,Occitanie,Haute-Garonne,118.17,3:49:55,1501,999,9999,999,99,30.8,64.7,Nuages,12,88,11,20.4,WNW
50,Quentin Pacher,2023-05-15,Occitanie,Haute-Garonne,92.03,3:02:05,946,194,1966,80,51,30.3,63.0,Quelques nuages,18,63,17,24.1,WNW
51,Quentin Pacher,2023-05-14,Auvergne-Rhône-Alpes,Ain,69.6,2:14:28,577,199,1513,61,52,31.1,53.7,Quelques nuages,14,77,14,9.7,NNW
52,Quentin Pacher,2023-05-13,Auvergne-Rhône-Alpes,Ain,61.05,1:57:21,369,200,1329,55,53,31.2,64.4,Quelques nuages,13,81,13,8.7,N
53,Quentin Pacher,2023-05-11,Occitanie,Haute-Garonne,161.05,5:23:14,1662,999,9999,999,99,29.9,62.7,Nuages,12,81,11,16.6,WNW
54,Quentin Pacher,2023-05-10,Occitanie,Haute-Garonne,137.79,4:24:27,1571,221,3249,154,58,31.3,95.2,Quelques nuages,14,69,13,21.9,WNW
55,Quentin Pacher,2023-05-07,Occitanie,Haute-Garonne,139.16,4:15:47,1435,999,9999,999,99,32.6,62.8,Nuages,17,79,17,12.5,WNW
56,Quentin Pacher,2023-05-06,Occitanie,Haute-Garonne,117.32,3:42:37,1571,999,9999,999,99,31.6,79.9,Nuages,21,61,21,19.7,ESE
57,Quentin Pacher,2023-05-05,Occitanie,Haute-Garonne,90.73,2:51:32,949,206,1970,85,54,31.7,65.3,Nuages,21,57,20,8.1,SSE
58,Quentin Pacher,2023-05-04,Occitanie,Haute-Garonne,79.36,2:25:47,673,213,1768,76,56,32.7,65.2,Quelques nuages,18,69,17,6.0,S
59,Quentin Pacher,2023-05-03,Occitanie,Haute-Garonne,61.47,1:58:30,782,999,9999,999,99,31.1,80.6,Dégagé,17,54,16,16.8,ESE
60,Quentin Pacher,2023-05-02,Occitanie,Haute-Garonne,35.17,1:07:59,192,999,9999,999,99,31.0,53.6,Quelques nuages,16,68,15,9.8,WNW
61,Quentin Pacher,2023-06-28,Occitanie,Haute-Garonne,38.17,1:17:13,284,999,9999,999,99,29.7,53.7,Dégagé,21,68,22,12.3,WNW
62,Quentin Pacher,2023-06-27,Occitanie,Ariège,142.69,4:58:53,3308,999,9999,999,99,28.6,69.7,Nuages,16,85,16,5.2,NW
63,Quentin Pacher,2023-06-24,Hauts-de-France,Pas-de-Calais,52.98,1:38:42,647,999,9999,999,99,32.2,61.6,Dégagé,19,76,19,14.5,WSW
64,Quentin Pacher,2023-06-23,Auvergne-Rhône-Alpes,Ain,58.42,1:43:29,763,999,9999,999,99,33.9,65.8,Nuages,25,61,26,11.2,WSW
65,Quentin Pacher,2023-06-22,Occitanie,Haute-Garonne,125.12,3:29:33,1000,999,9999,999,99,35.8,72.2,Nuages,22,76,22,19.8,W
66,Quentin Pacher,2023-06-21,Occitanie,Haute-Garonne,117.14,3:42:30,1113,999,9999,999,99,31.6,63.0,Nuages,25,74,27,10.0,E
67,Quentin Pacher,2023-06-20,Occitanie,Haute-Garonne,43.73,1:24:21,303,999,9999,999,99,31.1,63.3,Nuages,28,58,30,15.5,SE
68,Quentin Pacher,2023-06-09,Auvergne-Rhône-Alpes,Ain,75.95,2:31:20,1093,999,9999,999,99,30.1,58.0,Nuages,20,61,20,3.0,WNW
69,Quentin Pacher,2023-06-03,Provence-Alpes-Côte d'Azur,Alpes-Maritimes,51.19,1:55:39,891,999,9999,999,99,26.6,57.8,Dégagé,23,67,24,8.7,SSE
70,Quentin Pacher,2023-06-02,Provence-Alpes-Côte d'Azur,Alpes-Maritimes,130.7,4:20:30,2300,999,9999,999,99,30.1,60.4,Dégagé,22,61,22,8.2,SSE
71,Quentin Pacher,2023-06-01,Provence-Alpes-Côte d'Azur,Alpes-Maritimes,147.35,5:08:06,2298,999,9999,999,99,28.7,65.5,Nuages,21,56,21,4.6,SSE
72,Quentin Pacher,2023-07-29,Auvergne-Rhône-Alpes,Ain,185.83,4:51:35,3098,999,9999,999,99,38.2,93.7,Dégagé,22,75,23,2.0,WNW
73,Quentin Pacher,2023-07-28,Nouvelle-Aquitaine,Pyrénées-Atlantiques,67.21,2:30:47,1138,999,9999,999,99,26.7,75.8,Nuages,19,89,20,3.7,SSE
74,Quentin Pacher,2023-07-27,Occitanie,Haute-Garonne,69.44,2:12:42,687,999,9999,999,99,31.4,61.9,Dégagé,22,72,22,7.1,ESE
75,Quentin Pacher,2023-07-26,Occitanie,Haute-Garonne,87.04,2:36:09,809,999,9999,999,99,33.4,66.7,Nuages,27,43,27,18.4,WNW
76,Quentin Pacher,2023-07-25,Occitanie,Haute-Garonne,49.24,1:40:33,440,999,9999,999,99,29.4,51.1,Vent,24,47,23,27.1,WNW
77,Quentin Pacher,2023-07-23,Île-de-France,Yvelines,115.63,3:04:22,735,999,9999,999,99,37.6,71.5,Nuages,22,72,22,20.1,SW
78,Quentin Pacher,2023-07-21,Bourgogne-Franche-Comté,Jura,179.77,4:02:45,2065,999,9999,999,99,44.4,84.5,Quelques nuages,22,60,21,9.0,WNW
79,Quentin Pacher,2023-07-20,Auvergne-Rhône-Alpes,Ain,6.51,17:39,25,121,111,3,32,22.1,40.6,Nuages,27,43,26,12.2,N
80,Quentin Pacher,2023-07-20,Auvergne-Rhône-Alpes,Savoie,199.82,4:41:29,1258,225,2900,163,59,42.6,74.3,Dégagé,25,43,25,7.5,NW
81,Quentin Pacher,2023-07-19,Auvergne-Rhône-Alpes,Ain,167.24,5:37:10,5269,999,9999,999,99,29.8,93.1,Dégagé,24,52,24,7.2,WSW
82,Quentin Pacher,2023-07-18,Auvergne-Rhône-Alpes,Savoie,8.51,18:03,57,109,74,2,29,28.3,48.7,Quelques nuages,28,40,28,9.1,SW
83,Quentin Pacher,2023-07-18,Auvergne-Rhône-Alpes,Savoie,21.91,39:05,644,999,9999,999,99,33.6,76.3,Quelques nuages,32,36,32,9.8,SW
84,Quentin Pacher,2023-07-18,Auvergne-Rhône-Alpes,Ain,4.94,11:37,1,40,10,0,11,25.6,55.4,Quelques nuages,29,38,29,9.4,WSW
85,Quentin Pacher,2023-07-18,Auvergne-Rhône-Alpes,Ain,29.36,1:14:00,592,999,9999,999,99,23.8,54.2,Quelques nuages,23,55,22,5.8,SSE
86,Quentin Pacher,2023-07-17,Auvergne-Rhône-Alpes,Ain,35.57,1:27:48,702,999,9999,999,99,24.3,60.3,Quelques nuages,24,56,25,5.0,WSW
87,Quentin Pacher,2023-07-16,Auvergne-Rhône-Alpes,Savoie,188.88,5:27:15,4244,999,9999,999,99,34.6,87.5,Quelques nuages,21,62,21,7.0,WNW
88,Quentin Pacher,2023-07-15,Auvergne-Rhône-Alpes,Savoie,158.92,4:55:19,4207,999,9999,999,99,32.3,88.8,Quelques nuages,29,44,30,11.9,SW
89,Quentin Pacher,2023-07-14,Auvergne-Rhône-Alpes,Ain,141.44,3:35:33,2412,999,9999,999,99,39.4,90.8,Quelques nuages,27,44,27,10.3,S
90,Quentin Pacher,2023-07-13,Auvergne-Rhône-Alpes,Loire,177.58,4:40:06,3093,999,9999,999,99,38.0,87.0,Dégagé,23,49,23,9.9,NNW
91,Quentin Pacher,2023-07-11,Auvergne-Rhône-Alpes,Puy-de-Dôme,174.04,4:14:52,3112,999,9999,999,99,41.0,89.9,Quelques nuages,29,56,31,4.2,SSE
92,Quentin Pacher,2023-07-10,Auvergne-Rhône-Alpes,Puy-de-Dôme,29.1,56:49,298,999,9999,999,99,30.7,77.3,Quelques nuages,23,73,24,5.1,E
93,Quentin Pacher,2023-07-09,Auvergne-Rhône-Alpes,Ain,185.96,4:49:39,3554,999,9999,999,99,38.5,91.0,Dégagé,27,62,29,10.7,SW
94,Quentin Pacher,2023-07-08,Nouvelle-Aquitaine,Gironde,205.05,4:23:39,2003,999,9999,999,99,46.7,86.5,Dégagé,29,57,31,9.2,S
95,Quentin Pacher,2023-07-07,Nouvelle-Aquitaine,Landes,173.65,3:54:58,765,999,9999,999,99,44.3,79.4,Dégagé,29,60,31,12.9,ESE
96,Quentin Pacher,2023-07-06,Occitanie,Hautes-Pyrénées,151.47,4:33:58,3777,999,9999,999,99,33.2,83.1,Nuages,24,64,25,8.1,ENE
97,Quentin Pacher,2023-07-05,Nouvelle-Aquitaine,Pyrénées-Atlantiques,170.52,4:29:27,3390,999,9999,999,99,38.0,96.3,Nuages,22,68,22,5.4,WNW
98,Quentin Pacher,2023-07-04,Nouvelle-Aquitaine,Landes,186.06,4:35:36,1515,999,9999,999,99,40.5,82.2,Nuages,24,67,25,8.4,W
99,Quentin Pacher,2023-08-30,Provence-Alpes-Côte d'Azur,Alpes-Maritimes,115.12,3:59:31,1801,999,9999,999,99,28.8,62.7,Dégagé,18,73,18,8.5,N
100,Quentin Pacher,2023-08-29,Provence-Alpes-Côte d'Azur,Alpes-Maritimes,64.7,2:07:48,846,999,9999,999,99,30.4,63.9,Dégagé,22,56,22,11.4,SSW
101,Quentin Pacher,2023-08-28,Provence-Alpes-Côte d'Azur,Alpes-Maritimes,164.02,5:20:41,2251,999,9999,999,99,30.7,77.1,Pluie,19,82,20,4.4,E
102,Quentin Pacher,2023-08-26,Provence-Alpes-Côte d'Azur,Alpes-Maritimes,114.61,4:08:30,2665,999,9999,999,99,27.7,70.5,Dégagé,22,68,23,4.1,N
103,Quentin Pacher,2023-08-25,Provence-Alpes-Côte d'Azur,Alpes-Maritimes,88.63,3:06:05,1921,999,9999,999,99,28.6,67.4,Dégagé,29,56,30,6.4,SSE
104,Quentin Pacher,2023-08-24,Occitanie,Haute-Garonne,53.64,1:43:10,594,999,9999,999,99,31.2,67.5,Dégagé,26,56,26,14.3,SE
105,Quentin Pacher,2023-08-23,Occitanie,Haute-Garonne,162.93,5:03:35,1248,999,9999,999,99,32.2,62.2,Dégagé,23,85,25,3.1,S
106,Quentin Pacher,2023-08-22,Auvergne-Rhône-Alpes,Ain,130.27,4:09:12,1974,999,9999,999,99,31.4,83.6,Dégagé,26,69,28,5.9,WNW
107,Quentin Pacher,2023-08-20,Occitanie,Pyrénées-Orientales,48.69,1:42:43,837,999,9999,999,99,28.4,66.6,Dégagé,24,46,23,3.7,NE
108,Quentin Pacher,2023-08-19,Occitanie,Pyrénées-Orientales,193.43,6:02:21,3088,999,9999,999,99,32.0,70.8,Quelques nuages,20,44,19,3.5,NW
109,Quentin Pacher,2023-08-18,Occitanie,Haute-Garonne,100.8,3:06:20,1287,999,9999,999,99,32.5,89.5,Nuages,25,56,25,14.9,SE
110,Quentin Pacher,2023-08-16,Occitanie,Ariège,115.66,3:59:12,2708,999,9999,999,99,29.0,72.5,Nuages,25,61,25,5.5,NNE
111,Quentin Pacher,2023-08-15,Occitanie,Aude,83.58,2:07:16,342,999,9999,999,99,39.4,56.4,Quelques nuages,31,49,32,7.9,NE
112,Quentin Pacher,2023-08-14,Occitanie,Tarn,128.36,4:08:37,2501,999,9999,999,99,31.0,71.4,Quelques nuages,27,66,29,19.6,ESE
113,Quentin Pacher,2023-08-13,Occitanie,Haute-Garonne,50.23,1:24:24,335,999,9999,999,99,35.7,64.0,Dégagé,33,44,35,7.0,E
114,Quentin Pacher,2023-08-12,Occitanie,Haute-Garonne,157.02,4:49:54,1487,999,9999,999,99,32.5,66.5,Dégagé,25,66,26,5.8,WNW
115,Quentin Pacher,2023-08-11,Occitanie,Haute-Garonne,128.94,3:49:56,1350,999,9999,999,99,33.6,69.8,Dégagé,24,63,25,2.6,NNE
116,Quentin Pacher,2023-08-05,Occitanie,Pyrénées-Orientales,60.69,2:02:32,1172,999,9999,999,99,29.7,64.4,Vent,26,38,26,29.3,NNW
117,Quentin Pacher,2023-08-04,Occitanie,Haute-Garonne,55.7,1:44:43,500,187,1178,999,99,31.9,61.2,Vent,18,70,18,24.9,WNW
118,Quentin Pacher,2023-08-03,Occitanie,Haute-Garonne,74.54,2:15:03,782,999,9999,999,99,33.1,69.8,Quelques nuages,21,63,21,22.8,WNW
119,Quentin Pacher,2023-09-28,Occitanie,Haute-Garonne,109.87,3:27:55,1210,999,9999,999,99,31.7,67.5,Nuages,15,93,15,3.5,S
120,Quentin Pacher,2023-09-27,Occitanie,Haute-Garonne,55.87,1:45:41,492,999,9999,999,99,31.7,70.4,Nuages,25,47,25,15.9,ESE
121,Quentin Pacher,2023-09-26,Occitanie,Haute-Garonne,58.43,1:55:58,450,999,9999,999,99,30.2,66.3,Dégagé,24,46,23,15.0,SE
122,Quentin Pacher,2023-09-23,Auvergne-Rhône-Alpes,Ain,44.96,1:22:05,405,999,9999,999,99,32.9,62.7,Quelques nuages,17,61,17,13.2,W
123,Quentin Pacher,2023-09-22,Occitanie,Haute-Garonne,97.29,2:59:52,1399,999,9999,999,99,32.5,65.1,Vent,19,60,18,26.8,W
124,Quentin Pacher,2023-09-21,Auvergne-Rhône-Alpes,Ain,95.06,3:31:21,2294,999,9999,999,99,27.0,68.4,Nuages,17,63,16,6.9,S
125,Quentin Pacher,2023-09-20,Occitanie,Haute-Garonne,51.01,1:32:02,540,999,9999,999,99,33.3,65.7,Dégagé,26,54,26,17.9,SE
126,Quentin Pacher,2023-09-19,Occitanie,Haute-Garonne,145.87,4:30:42,1334,999,9999,999,99,32.3,68.4,Quelques nuages,16,82,16,6.0,WSW
127,Quentin Pacher,2023-09-18,Occitanie,Haute-Garonne,135.82,4:00:51,1046,999,9999,999,99,33.8,65.3,Dégagé,20,89,21,2.7,SW
128,Quentin Pacher,2023-09-14,Provence-Alpes-Côte d'Azur,Alpes-Maritimes,86.78,3:09:36,1802,999,9999,999,99,27.5,68.9,Dégagé,24,72,26,10.7,ESE
129,Quentin Pacher,2023-09-13,Provence-Alpes-Côte d'Azur,Alpes-Maritimes,53.0,1:54:44,748,999,9999,999,99,27.7,61.7,Dégagé,25,66,26,14.3,S
130,Quentin Pacher,2023-09-12,Provence-Alpes-Côte d'Azur,Alpes-Maritimes,40.78,1:30:35,672,999,9999,999,99,27.0,55.5,Quelques nuages,25,68,27,8.2,SSE
131,Quentin Pacher,2023-09-04,Auvergne-Rhône-Alpes,Ain,47.98,1:44:16,290,131,818,999,99,27.6,59.3,Dégagé,23,68,24,13.1,ENE
132,Quentin Pacher,2023-09-02,Bretagne,Morbihan,40.64,1:16:43,262,999,9999,999,99,31.8,54.3,Dégagé,25,56,25,13.1,NE
133,Quentin Pacher,2023-09-01,Provence-Alpes-Côte d'Azur,Alpes-Maritimes,74.69,2:33:33,1106,999,9999,999,99,29.2,80.2,Dégagé,19,68,19,4.2,N
134,Quentin Pacher,2023-11-29,Occitanie,Haute-Garonne,130.29,4:09:08,1107,999,9999,999,99,31.4,72.5,Nuages,8,73,6,7.8,ESE
135,Quentin Pacher,2023-11-28,Occitanie,Haute-Garonne,113.39,3:39:34,1012,999,9999,999,99,31.0,64.1,Nuages,12,83,11,21.8,NW
136,Quentin Pacher,2023-11-27,Occitanie,Haute-Garonne,74.9,2:22:00,648,999,9999,999,99,31.7,56.7,Nuages,3,88,3,4.0,WSW
137,Quentin Pacher,2023-11-25,Occitanie,Haute-Garonne,123.09,4:18:24,1762,999,9999,999,99,28.6,60.5,Dégagé,6,69,4,9.8,NNW
138,Quentin Pacher,2023-11-24,Occitanie,Haute-Garonne,81.58,2:30:49,767,999,9999,999,99,32.5,60.8,Nuages,10,79,7,20.7,W
139,Quentin Pacher,2023-11-22,Occitanie,Haute-Garonne,116.61,3:52:24,1486,999,9999,999,99,30.1,62.2,Nuages,10,87,6,23.8,NW
140,Quentin Pacher,2023-11-21,Occitanie,Haute-Garonne,70.56,2:17:28,709,999,9999,999,99,30.8,57.2,Pluie,12,87,12,22.0,NW
141,Quentin Pacher,2023-11-20,Occitanie,Haute-Garonne,104.0,3:12:56,1102,999,9999,999,99,32.3,60.1,Nuages,14,83,14,8.6,WNW
142,Quentin Pacher,2023-11-15,Occitanie,Haute-Garonne,83.7,2:37:53,709,231,2048,99,61,31.8,64.3,Quelques nuages,16,68,15,10.0,NW
143,Quentin Pacher,2023-11-14,Occitanie,Haute-Garonne,72.1,2:16:18,760,999,9999,999,99,31.7,62.0,Dégagé,23,61,23,7.7,W
144,Quentin Pacher,2023-11-13,Occitanie,Haute-Garonne,99.1,3:14:22,956,999,9999,999,99,30.6,64.0,Quelques nuages,11,82,10,8.0,SSE
145,Quentin Pacher,2023-11-11,Occitanie,Haute-Garonne,63.06,2:05:44,273,999,9999,999,99,30.1,57.2,Nuages,11,91,10,3.6,ESE
146,Quentin Pacher,2023-11-10,Occitanie,Haute-Garonne,56.22,1:57:00,573,211,1378,60,56,28.8,54.6,Pluie,13,79,13,26.1,W
147,Quentin Pacher,2023-11-08,Occitanie,Haute-Garonne,69.5,2:11:37,485,999,9999,999,99,31.7,58.0,Dégagé,10,75,9,5.5,SSE
148,Quentin Pacher,2023-12-29,Occitanie,Haute-Garonne,101.34,3:22:33,1301,231,2404,126,61,30.0,71.0,Nuages,8,93,7,3.7,SSE
149,Quentin Pacher,2023-12-28,Occitanie,Haute-Garonne,148.03,5:01:59,1413,999,9999,999,99,29.4,58.1,Nuages,10,87,7,22.4,SE
150,Quentin Pacher,2023-12-27,Occitanie,Haute-Garonne,97.44,3:16:26,974,251,2295,145,66,29.8,62.8,Dégagé,4,68,1,13.9,SE
151,Quentin Pacher,2023-12-26,Occitanie,Haute-Garonne,102.49,3:13:34,1215,263,2727,158,69,31.8,68.0,Quelques nuages,1,89,1,1.6,ESE
152,Quentin Pacher,2023-12-24,Occitanie,Haute-Garonne,131.08,4:17:12,1106,212,3101,134,56,30.6,66.6,Nuages,9,88,8,4.1,WSW
153,Quentin Pacher,2023-12-23,Occitanie,Haute-Garonne,101.92,3:19:08,1119,999,9999,999,99,30.7,56.9,Nuages,9,93,6,14.6,W
154,Quentin Pacher,2023-12-20,Auvergne-Rhône-Alpes,Ain,68.55,2:14:44,561,201,1507,64,53,30.5,54.6,Quelques nuages,7,87,4,15.0,NNW
155,Quentin Pacher,2023-12-07,Occitanie,Haute-Garonne,58.84,1:58:36,706,208,1341,60,55,29.8,72.4,Nuages,9,67,7,20.5,SE
156,Quentin Pacher,2023-12-06,Occitanie,Haute-Garonne,65.12,2:09:31,663,999,9999,999,99,30.2,57.2,Nuages,6,93,5,3.2,NNE
157,Quentin Pacher,2023-12-05,Occitanie,Haute-Garonne,167.38,5:30:01,1758,999,9999,999,99,30.4,63.4,Quelques nuages,6,87,3,18.6,WSW
158,Quentin Pacher,2023-12-04,Occitanie,Haute-Garonne,93.49,3:02:32,1134,999,9999,999,99,30.7,60.8,Dégagé,8,85,6,11.8,SE
159,Quentin Pacher,2023-12-02,Occitanie,Haute-Garonne,153.56,5:04:10,2019,999,9999,999,99,30.3,59.3,Nuages,4,86,1,19.5,NW
160,Quentin Pacher,2021-01-30,Provence-Alpes-Côte d'Azur,Alpes-Maritimes,41.83,1:28:14,679,206,979,43,54,28.4,69.5,Dégagé,10,57,8,11.6,NW
161,Quentin Pacher,2021-01-29,Provence-Alpes-Côte d'Azur,Alpes-Maritimes,60.85,2:16:41,1337,255,1659,111,67,26.7,64.4,Quelques nuages,17,50,17,23.1,W
162,Quentin Pacher,2021-01-28,Provence-Alpes-Côte d'Azur,Alpes-Maritimes,130.51,5:03:49,2943,227,3581,191,60,25.8,73.8,Nuages,5,82,3,8.9,N
163,Quentin Pacher,2021-01-27,Provence-Alpes-Côte d'Azur,Alpes-Maritimes,61.56,2:16:59,916,202,1486,69,53,27.0,55.4,Quelques nuages,11,51,11,5.7,SE
164,Quentin Pacher,2021-01-26,Occitanie,Haute-Garonne,122.48,3:54:00,1154,218,2821,129,57,31.4,60.5,Dégagé,0,83,0,4.3,SE
165,Quentin Pacher,2021-01-24,Occitanie,Haute-Garonne,67.23,2:05:17,597,211,1448,66,56,32.2,57.6,Pluie,4,89,0,15.6,WSW
166,Quentin Pacher,2021-02-26,Auvergne-Rhône-Alpes,Drôme,55.24,2:00:21,766,213,1322,64,56,27.5,64.8,Quelques nuages,18,46,18,11.5,NNE
167,Quentin Pacher,2021-02-25,Occitanie,Haute-Garonne,80.98,2:31:04,916,252,1934,111,66,32.2,66.6,Quelques nuages,12,73,12,20.7,SE
168,Quentin Pacher,2021-02-24,Occitanie,Ariège,131.27,4:52:54,2666,216,3325,161,57,26.9,75.6,Dégagé,10,69,8,10.1,S
169,Quentin Pacher,2021-02-23,Occitanie,Haute-Garonne,57.45,1:58:55,662,200,1291,55,53,29.0,84.6,Quelques nuages,14,81,14,22.9,SE
170,Quentin Pacher,2021-02-18,Provence-Alpes-Côte d'Azur,Alpes-Maritimes,47.9,1:33:11,503,210,1072,47,55,30.8,52.6,Quelques nuages,14,69,14,6.8,SSE
171,Quentin Pacher,2021-02-17,Occitanie,Haute-Garonne,85.2,2:35:46,854,249,1987,112,66,32.8,64.4,Quelques nuages,13,66,13,10.0,E
172,Quentin Pacher,2021-02-16,Occitanie,Haute-Garonne,59.46,1:59:22,739,202,1326,56,53,29.9,69.1,Quelques nuages,14,68,14,23.2,SE
173,Quentin Pacher,2021-02-15,Auvergne-Rhône-Alpes,Ain,160.67,5:52:21,3358,235,4382,233,62,27.4,67.0,Quelques nuages,7,75,6,8.7,ESE
174,Quentin Pacher,2021-02-14,Occitanie,Haute-Garonne,62.84,2:05:10,936,250,1635,90,66,30.1,67.7,Vent,5,89,0,33.7,ESE
175,Quentin Pacher,2021-02-13,Occitanie,Haute-Garonne,128.72,4:19:07,1520,212,2999,138,56,29.8,72.0,Nuages,6,92,4,8.2,NNW
176,Quentin Pacher,2021-02-11,Occitanie,Haute-Garonne,92.0,2:56:54,465,190,1930,74,50,31.2,60.1,Dégagé,4,85,2,5.8,SSW
177,Quentin Pacher,2021-02-09,Occitanie,Haute-Garonne,67.98,2:12:41,645,214,1575,72,56,30.7,55.4,Quelques nuages,8,82,6,9.9,SE
178,Quentin Pacher,2021-02-07,Occitanie,Gard,4.55,11:44,14,75,35,0,20,23.3,42.1,Dégagé,11,54,11,11.4,NW
179,Quentin Pacher,2021-02-07,Occitanie,Gard,10.44,16:31,203,384,385,28,101,37.9,60.5,Dégagé,11,54,11,11.4,NW
180,Quentin Pacher,2021-02-02,Occitanie,Gard,49.29,1:32:24,330,205,1047,47,54,32.0,54.4,Nuages,10,93,10,3.8,W
181,Quentin Pacher,2021-02-01,Occitanie,Gard,45.19,1:22:34,503,179,796,31,47,32.8,70.9,Nuages,11,87,11,7.5,W
182,Quentin Pacher,2021-03-30,Occitanie,Haute-Garonne,73.39,2:22:18,572,197,1556,64,52,30.9,65.9,Dégagé,14,68,14,26.2,SE
183,Quentin Pacher,2021-03-29,Occitanie,Haute-Garonne,106.39,3:31:09,1165,202,2366,100,53,30.2,71.3,Dégagé,19,44,19,26.5,ESE
184,Quentin Pacher,2021-03-28,Occitanie,Haute-Garonne,159.73,5:00:35,1894,221,3679,174,58,31.9,65.9,Dégagé,8,76,6,8.7,ESE
185,Quentin Pacher,2021-03-27,Occitanie,Haute-Garonne,68.16,2:03:16,601,235,1613,78,62,33.2,60.5,Quelques nuages,15,52,15,10.0,NNW
186,Quentin Pacher,2021-03-26,Occitanie,Haute-Garonne,62.85,2:09:32,516,191,1317,54,50,29.1,70.2,Quelques nuages,18,40,18,12.3,ESE
187,Quentin Pacher,2021-03-25,Occitanie,Haute-Garonne,159.23,5:09:18,1828,220,3782,177,58,30.9,63.0,Nuages,9,92,7,7.9,NW
188,Quentin Pacher,2021-03-23,Occitanie,Haute-Garonne,66.96,2:05:30,441,209,1505,63,55,32.0,58.3,Dégagé,7,62,6,6.3,W
189,Quentin Pacher,2021-03-20,Occitanie,Haute-Garonne,27.65,1:51:23,630,140,937,999,99,14.9,44.3,Quelques nuages,7,57,4,18.0,NW
190,Quentin Pacher,2021-03-18,Occitanie,Haute-Garonne,91.35,3:02:34,728,203,2081,87,53,30.0,65.2,Quelques nuages,6,74,3,15.8,NW
191,Quentin Pacher,2021-03-16,Occitanie,Haute-Garonne,55.89,1:54:52,432,174,1087,42,46,29.2,63.4,Quelques nuages,9,80,7,17.6,WNW
192,Quentin Pacher,2021-03-10,Auvergne-Rhône-Alpes,Loire,4.76,9:12,28,92,41,0,24,31.1,42.8,Dégagé,8,66,7,5.9,SW
193,Quentin Pacher,2021-03-09,Auvergne-Rhône-Alpes,Loire,14.01,19:03,145,375,431,31,99,44.1,67.3,Quelques nuages,10,46,9,9.9,N
194,Quentin Pacher,2021-03-04,Occitanie,Haute-Garonne,87.21,2:51:12,893,238,2008,113,63,30.6,62.6,Quelques nuages,11,75,11,10.8,ESE
195,Quentin Pacher,2021-03-03,Auvergne-Rhône-Alpes,Ain,161.08,5:42:15,3095,234,4183,228,62,28.2,70.2,Dégagé,11,68,11,3.0,S
196,Quentin Pacher,2021-03-02,Occitanie,Haute-Garonne,74.35,2:15:45,616,240,1850,91,63,32.9,66.6,Quelques nuages,15,50,15,34.7,ESE
197,Quentin Pacher,2021-03-01,Occitanie,Haute-Garonne,74.46,2:26:47,648,202,1676,70,53,30.4,72.0,Dégagé,15,56,15,31.4,ESE
198,Quentin Pacher,2021-04-26,Occitanie,Haute-Garonne,79.5,2:29:25,689,205,1750,73,54,31.9,63.0,Nuages,15,58,15,14.7,SE
199,Quentin Pacher,2021-04-25,Occitanie,Ariège,122.52,4:33:54,2340,241,3174,188,63,26.8,68.8,Quelques nuages,12,62,12,13.4,ESE
200,Quentin Pacher,2021-04-24,Occitanie,Haute-Garonne,138.94,4:31:20,972,193,2917,119,51,30.7,70.6,Quelques nuages,16,44,16,26.1,SE
201,Quentin Pacher,2021-04-23,Occitanie,Ariège,131.97,4:40:48,2798,238,3311,192,63,28.2,65.2,Dégagé,15,38,15,5.1,E
202,Quentin Pacher,2021-04-22,Occitanie,Haute-Garonne,117.41,3:58:19,1243,202,2581,114,53,29.6,60.8,Quelques nuages,16,56,16,29.3,ESE
203,Quentin Pacher,2021-04-21,Occitanie,Haute-Garonne,85.53,2:46:59,652,196,1767,76,52,30.7,60.5,Nuages,10,93,10,10.5,SSE
204,Quentin Pacher,2021-04-20,Occitanie,Haute-Garonne,70.59,2:16:04,578,203,1524,65,53,31.1,64.8,Nuages,16,37,16,3.9,E
205,Quentin Pacher,2021-04-08,Occitanie,Haute-Garonne,80.09,2:27:29,835,244,1994,101,64,32.6,72.7,Quelques nuages,11,46,11,20.9,ESE
206,Quentin Pacher,2021-04-07,Nouvelle-Aquitaine,Pyrénées-Atlantiques,61.79,2:15:29,1069,192,1462,65,51,27.4,66.2,Dégagé,8,44,6,12.4,E
207,Quentin Pacher,2021-04-06,Auvergne-Rhône-Alpes,Ain,142.66,4:53:04,2525,259,3838,244,68,29.2,67.0,Nuages,10,76,8,11.2,NE
208,Quentin Pacher,2021-04-03,Auvergne-Rhône-Alpes,Ain,152.52,5:14:37,2521,237,3691,213,62,29.1,65.5,Quelques nuages,13,93,13,8.8,W
209,Quentin Pacher,2021-04-02,Auvergne-Rhône-Alpes,Ain,119.76,4:16:15,2185,225,3081,156,59,28.0,71.6,Quelques nuages,15,77,15,10.4,W
210,Quentin Pacher,2021-04-01,Auvergne-Rhône-Alpes,Ain,96.41,3:32:14,1861,214,2375,117,56,27.3,63.7,Nuages,22,36,22,6.9,SSE
211,Quentin Pacher,2021-05-28,Occitanie,Haute-Garonne,45.2,1:27:16,205,167,832,28,44,31.1,50.4,Nuages,18,56,18,9.8,SE
212,Quentin Pacher,2021-05-27,Occitanie,Haute-Garonne,89.21,2:54:41,1167,205,1915,87,54,30.6,69.1,Dégagé,18,56,18,4.7,NNE
213,Quentin Pacher,2021-05-26,Auvergne-Rhône-Alpes,Ain,144.49,5:00:57,3006,248,3579,216,65,28.8,77.4,Quelques nuages,13,61,13,5.9,NNE
214,Quentin Pacher,2021-05-25,Occitanie,Haute-Garonne,128.12,3:59:56,1224,207,2824,122,54,32.0,66.6,Quelques nuages,9,81,7,12.4,W
215,Quentin Pacher,2021-05-24,Occitanie,Haute-Garonne,86.75,2:38:20,810,215,1893,85,57,32.9,69.8,Quelques nuages,12,75,12,11.0,E
216,Quentin Pacher,2021-05-23,Occitanie,Haute-Garonne,73.31,2:12:28,561,212,1587,69,56,33.2,61.6,Quelques nuages,14,63,14,6.8,N
217,Quentin Pacher,2021-05-17,Occitanie,Pyrénées-Orientales,191.13,6:34:25,4340,248,4897,288,65,29.1,82.1,Nuages,13,68,13,3.8,NNW
218,Quentin Pacher,2021-05-16,Occitanie,Aude,129.16,4:07:52,1753,232,2944,160,61,31.3,69.5,Quelques nuages,16,81,16,3.5,NNE
219,Quentin Pacher,2021-05-15,Occitanie,Haute-Garonne,46.67,1:30:12,245,178,912,33,47,31.0,55.4,Nuages,15,81,15,3.5,SSE
220,Quentin Pacher,2021-05-14,Occitanie,Haute-Garonne,66.3,2:06:21,624,201,1420,59,53,31.5,60.1,Quelques nuages,14,77,14,23.1,W
221,Quentin Pacher,2021-05-13,Occitanie,Haute-Garonne,123.55,3:57:47,1178,200,2663,110,53,31.2,60.1,Dégagé,9,86,7,10.0,WSW
222,Quentin Pacher,2021-06-30,Pays de la Loire,Mayenne,26.68,35:48,347,356,761,52,94,44.7,76.0,Quelques nuages,19,88,19,15.8,WNW
223,Quentin Pacher,2021-06-29,Auvergne-Rhône-Alpes,Ain,157.82,3:38:32,1536,225,2350,128,59,43.3,78.1,Quelques nuages,19,79,19,12.6,NW
224,Quentin Pacher,2021-06-28,Bretagne,Morbihan,186.97,4:13:13,1664,256,3213,190,67,44.3,78.5,Quelques nuages,18,72,18,7.1,E
225,Quentin Pacher,2021-06-27,Bretagne,Côtes-d'Armor,187.22,4:30:29,2369,254,3179,202,67,41.5,90.4,Nuages,16,93,16,12.4,ENE
226,Quentin Pacher,2021-06-26,Bretagne,Finistère,207.51,5:01:32,3024,255,3648,227,67,41.3,82.1,Pluie,15,69,15,6.3,N
227,Quentin Pacher,2021-06-24,Bretagne,Finistère,94.16,3:01:26,1359,224,1879,108,59,31.1,70.9,Quelques nuages,13,85,13,5.5,NW
228,Quentin Pacher,2021-06-22,Occitanie,Haute-Garonne,76.74,2:35:23,575,178,1503,57,47,29.6,59.0,Quelques nuages,17,80,17,10.9,NNW
229,Quentin Pacher,2021-06-21,Occitanie,Haute-Garonne,42.43,1:26:30,298,165,795,27,43,29.4,51.8,Quelques nuages,22,74,22,10.7,N
230,Quentin Pacher,2021-06-20,Grand Est,Vosges,242.95,6:20:30,3688,264,4964,304,69,38.3,79.2,Nuages,21,81,21,9.6,SSW
231,Quentin Pacher,2021-06-19,Grand Est,Vosges,65.47,1:48:01,552,216,1147,58,57,36.4,68.0,Quelques nuages,23,73,24,7.4,ESE
232,Quentin Pacher,2021-06-18,Grand Est,Vosges,77.37,2:20:36,842,231,1949,999,99,33.0,69.5,Quelques nuages,28,51,29,11.2,WSW
233,Quentin Pacher,2021-06-18,Grand Est,Vosges,14.06,31:03,188,189,287,12,50,27.2,59.4,Quelques nuages,28,51,29,11.2,WSW
234,Quentin Pacher,2021-06-17,Auvergne-Rhône-Alpes,Loire,95.79,3:05:42,782,211,2098,96,56,31.0,52.2,Nuages,21,87,21,9.0,W
235,Quentin Pacher,2021-06-16,Auvergne-Rhône-Alpes,Loire,166.82,4:52:25,1349,197,2941,135,52,34.2,62.3,Quelques nuages,22,82,22,10.8,SE
236,Quentin Pacher,2021-06-14,Occitanie,Haute-Garonne,83.5,2:33:11,910,246,1855,108,65,32.7,63.0,Dégagé,33,27,33,17.4,NNW
237,Quentin Pacher,2021-06-13,Occitanie,Ariège,133.19,5:00:31,2997,220,3586,171,58,26.6,68.4,Dégagé,23,56,23,3.9,SSE
238,Quentin Pacher,2021-06-12,Occitanie,Haute-Garonne,99.02,3:02:27,1287,229,2281,111,60,32.6,60.1,Dégagé,24,66,25,8.6,NW
239,Quentin Pacher,2021-06-11,Occitanie,Haute-Garonne,73.03,2:27:01,844,190,1535,62,50,29.8,55.1,Nuages,25,52,25,11.5,WNW
240,Quentin Pacher,2021-06-10,Occitanie,Haute-Garonne,71.14,2:15:02,615,192,1429,58,51,31.6,61.2,Dégagé,24,50,24,10.7,WNW
241,Quentin Pacher,2021-06-08,Auvergne-Rhône-Alpes,Ain,153.4,4:44:09,4391,298,4616,289,78,32.4,92.2,Dégagé,22,63,22,18.0,N
242,Quentin Pacher,2021-06-07,Provence-Alpes-Côte d'Azur,Vaucluse,43.79,1:26:26,127,134,629,18,35,30.4,49.7,Quelques nuages,22,67,22,25.9,N
243,Quentin Pacher,2021-06-06,Auvergne-Rhône-Alpes,Savoie,155.09,4:41:32,3946,290,4213,272,76,33.1,82.8,Quelques nuages,14,89,14,3.7,NNW
244,Quentin Pacher,2021-06-05,Auvergne-Rhône-Alpes,Ain,178.87,5:04:14,4123,280,4452,276,74,35.3,97.2,Quelques nuages,17,100,17,3.0,WNW
245,Quentin Pacher,2021-06-04,Auvergne-Rhône-Alpes,Drôme,165.6,3:54:43,2569,199,1512,106,52,42.3,91.4,Dégagé,24,60,24,9.0,SSW
246,Quentin Pacher,2021-06-03,Auvergne-Rhône-Alpes,Ain,168.78,4:02:12,2147,275,3311,210,72,41.8,78.1,Quelques nuages,22,68,22,6.5,ESE
247,Quentin Pacher,2021-06-02,Auvergne-Rhône-Alpes,Loire,4.62,12:01,59,111,57,1,29,23.1,49.7,Nuages,20,63,20,11.9,SSW
248,Quentin Pacher,2021-06-02,Auvergne-Rhône-Alpes,Loire,16.03,23:14,383,360,498,34,95,41.4,80.3,Nuages,20,63,20,11.9,SSW
249,Quentin Pacher,2021-06-02,Auvergne-Rhône-Alpes,Loire,23.95,49:30,477,194,501,21,51,29.0,76.7,Quelques nuages,19,68,19,10.9,S
250,Quentin Pacher,2021-06-01,Auvergne-Rhône-Alpes,Loire,175.82,4:09:42,2161,220,2570,140,58,42.2,88.2,Quelques nuages,22,54,22,8.6,SSE
251,Quentin Pacher,2021-07-31,Auvergne-Rhône-Alpes,Ain,118.27,3:12:10,2690,300,2943,199,79,36.9,84.6,Quelques nuages,20,68,20,7.2,NW
252,Quentin Pacher,2021-07-30,Auvergne-Rhône-Alpes,Ain,131.48,3:13:21,1989,297,2764,196,78,40.8,85.7,Quelques nuages,25,72,25,11.2,SW
253,Quentin Pacher,2021-07-29,Auvergne-Rhône-Alpes,Ain,140.31,3:13:20,964,238,2315,127,63,43.5,78.1,Dégagé,22,68,23,6.8,NNW
254,Quentin Pacher,2021-07-28,Auvergne-Rhône-Alpes,Ain,49.02,1:28:45,346,236,1258,999,99,33.1,57.6,Quelques nuages,25,61,25,5.5,SSW
255,Quentin Pacher,2021-07-27,Auvergne-Rhône-Alpes,Ain,98.2,3:06:15,1234,197,1409,85,52,31.6,67.3,Nuages,21,82,21,4.3,NNW
256,Quentin Pacher,2021-07-26,Auvergne-Rhône-Alpes,Ain,65.19,2:05:39,896,220,1466,72,58,31.1,61.9,Pluie,22,81,23,5.4,W
257,Quentin Pacher,2021-07-24,Bourgogne-Franche-Comté,Jura,63.59,1:48:13,572,274,1472,95,72,35.3,57.6,Pluie,21,93,22,16.9,WSW
258,Quentin Pacher,2021-07-22,Bourgogne-Franche-Comté,Côte-d'Or,93.05,2:19:52,326,231,1720,94,61,39.9,63.7,Dégagé,29,44,29,9.7,ENE
259,Quentin Pacher,2021-07-21,Occitanie,Haute-Garonne,46.23,1:26:33,305,192,933,37,51,32.1,64.4,Dégagé,28,69,30,5.6,NNW
260,Quentin Pacher,2021-07-18,Île-de-France,Yvelines,113.72,3:03:46,796,240,1931,122,63,37.1,67.7,Dégagé,29,47,29,18.9,NE
261,Quentin Pacher,2021-07-17,Nouvelle-Aquitaine,Gironde,30.48,40:20,283,351,846,57,92,45.4,70.2,Dégagé,29,41,29,13.9,NNE
262,Quentin Pacher,2021-07-16,Nouvelle-Aquitaine,Pyrénées-Atlantiques,210.56,4:49:32,1358,209,2513,145,55,43.6,99.0,Quelques nuages,22,62,22,5.4,NNE
263,Quentin Pacher,2021-07-15,Occitanie,Hautes-Pyrénées,14.41,24:00,11,145,208,999,99,36.0,58.7,Nuages,15,64,15,8.2,N
264,Quentin Pacher,2021-07-15,Nouvelle-Aquitaine,Pyrénées-Atlantiques,134.29,3:53:47,3550,173,367,81,46,34.5,86.4,Quelques nuages,20,68,20,6.2,NNE
265,Quentin Pacher,2021-07-14,Auvergne-Rhône-Alpes,Ain,7.31,13:06,19,58,23,0,15,33.5,52.2,Quelques nuages,10,77,8,9.6,N
266,Quentin Pacher,2021-07-14,Occitanie,Haute-Garonne,186.27,5:33:21,4205,286,4817,313,75,33.5,92.5,Nuages,17,81,17,23.3,W
267,Quentin Pacher,2021-07-11,Occitanie,Pyrénées-Orientales,191.55,5:41:24,4200,258,4423,262,68,33.7,90.0,Dégagé,29,51,29,8.1,E
268,Quentin Pacher,2021-07-10,Occitanie,Aude,188.49,4:32:45,2805,192,679,117,51,41.5,85.0,Quelques nuages,29,37,29,9.9,ENE
269,Quentin Pacher,2021-07-09,Occitanie,Gard,224.5,5:22:24,2016,254,4037,240,67,41.8,78.8,Nuages,24,49,24,21.2,N
270,Quentin Pacher,2021-07-08,Auvergne-Rhône-Alpes,Ain,161.99,3:46:37,1797,244,2705,156,64,42.9,88.9,Quelques nuages,24,60,24,28.9,N
271,Quentin Pacher,2021-07-07,Provence-Alpes-Côte d'Azur,Vaucluse,204.14,5:55:56,4626,283,5197,326,74,34.4,90.0,Quelques nuages,25,66,25,17.3,NNW
272,Quentin Pacher,2021-07-06,Auvergne-Rhône-Alpes,Savoie,196.84,4:31:45,1381,232,2898,168,61,43.5,90.4,Quelques nuages,26,79,28,7.1,NNW
273,Quentin Pacher,2021-07-04,Auvergne-Rhône-Alpes,Savoie,146.89,5:08:23,4449,281,4521,281,74,28.6,78.5,Pluie,18,100,19,5.4,WSW
274,Quentin Pacher,2021-07-03,Auvergne-Rhône-Alpes,Ain,151.48,4:24:47,3495,304,4138,282,80,34.3,80.6,Nuages,21,74,21,4.9,WNW
275,Quentin Pacher,2021-07-02,Centre-Val de Loire,Cher,253.61,5:49:45,3226,263,4478,278,69,43.5,86.8,Quelques nuages,20,67,20,8.5,SE
276,Quentin Pacher,2021-07-01,Centre-Val de Loire,Indre,164.17,3:27:16,902,241,2407,138,63,47.5,76.3,Quelques nuages,22,62,22,5.4,SW
277,Quentin Pacher,2021-08-30,Occitanie,Haute-Garonne,49.93,1:45:20,440,999,9999,999,99,28.4,55.8,Quelques nuages,24,37,24,10.8,NNW
278,Quentin Pacher,2021-08-27,Occitanie,Haute-Garonne,64.85,2:00:46,800,999,9999,999,99,32.2,63.7,Quelques nuages,25,49,25,20.3,WNW
279,Quentin Pacher,2021-08-26,Occitanie,Haute-Garonne,179.37,5:36:33,1717,999,9999,999,99,32.0,67.0,Dégagé,23,60,23,4.8,WNW
280,Quentin Pacher,2021-08-25,Occitanie,Haute-Garonne,48.13,1:32:58,506,999,9999,999,99,31.1,66.2,Quelques nuages,30,31,30,10.4,N
281,Quentin Pacher,2021-08-24,Occitanie,Haute-Garonne,86.26,2:30:46,907,999,9999,999,99,34.3,65.5,Dégagé,28,36,28,13.6,NNW
282,Quentin Pacher,2021-08-23,Occitanie,Haute-Garonne,98.31,2:55:24,995,999,9999,999,99,33.6,64.8,Quelques nuages,27,41,27,18.5,NNW
283,Quentin Pacher,2021-08-22,Auvergne-Rhône-Alpes,Ain,65.01,2:02:45,290,999,9999,999,99,31.8,55.4,Nuages,17,92,17,2.2,W
284,Quentin Pacher,2021-08-15,Occitanie,Haute-Garonne,68.81,1:59:35,738,258,1703,92,68,34.5,72.7,Quelques nuages,28,63,30,18.1,WNW
285,Quentin Pacher,2021-08-14,Occitanie,Haute-Garonne,159.24,5:09:20,1347,999,9999,999,99,30.9,55.1,Dégagé,20,93,20,3.1,S
286,Quentin Pacher,2021-08-13,Occitanie,Haute-Garonne,67.84,1:54:11,628,999,9999,999,99,35.7,60.1,Dégagé,30,60,34,11.4,N
287,Quentin Pacher,2021-08-12,Occitanie,Ariège,74.86,2:41:47,1064,999,9999,999,99,27.8,63.4,Dégagé,31,38,31,5.7,NNW
288,Quentin Pacher,2021-08-11,Occitanie,Haute-Garonne,122.3,3:49:52,861,999,9999,999,99,31.9,65.2,Dégagé,23,75,23,4.0,NE
289,Quentin Pacher,2021-08-10,Occitanie,Haute-Garonne,68.44,2:10:08,449,999,9999,999,99,31.6,67.0,Quelques nuages,32,34,32,8.9,ESE
290,Quentin Pacher,2021-08-09,Auvergne-Rhône-Alpes,Ain,93.9,2:54:50,569,999,9999,999,99,32.2,57.6,Quelques nuages,12,88,12,5.9,NE
291,Quentin Pacher,2021-08-08,Auvergne-Rhône-Alpes,Ain,67.89,1:29:50,268,999,9999,999,99,45.3,59.4,Quelques nuages,24,44,24,12.4,WNW
292,Quentin Pacher,2021-08-06,Occitanie,Haute-Garonne,73.07,2:04:09,549,254,1745,92,67,35.3,69.8,Nuages,23,62,23,5.5,N
293,Quentin Pacher,2021-08-05,Occitanie,Haute-Garonne,59.17,1:50:33,323,210,1313,56,55,32.1,55.1,Nuages,27,46,27,12.9,WNW
294,Quentin Pacher,2021-09-29,Occitanie,Haute-Garonne,98.49,3:17:23,1020,999,9999,999,99,29.9,67.0,Nuages,15,91,15,9.8,W
295,Quentin Pacher,2021-09-28,Occitanie,Haute-Garonne,69.28,2:21:47,436,999,9999,999,99,29.3,55.8,Nuages,16,79,16,3.3,E
296,Quentin Pacher,2021-09-27,Occitanie,Haute-Garonne,69.54,2:07:55,466,999,9999,999,99,32.6,60.5,Nuages,23,58,23,15.6,N
297,Quentin Pacher,2021-09-24,Occitanie,Haute-Garonne,26.06,1:26:40,473,101,524,999,99,18.0,40.0,Dégagé,16,86,16,4.5,E
298,Quentin Pacher,2021-09-21,Occitanie,Haute-Garonne,59.05,2:02:29,355,176,1174,44,46,28.9,53.3,Pluie,13,83,13,15.2,W
299,Quentin Pacher,2021-09-17,Occitanie,Haute-Garonne,84.64,2:51:17,608,999,9999,999,99,29.6,58.3,Quelques nuages,17,87,17,6.1,NNW
300,Quentin Pacher,2021-09-12,Auvergne-Rhône-Alpes,Ain,62.82,3:59:21,2224,127,1825,999,99,15.7,73.4,Quelques nuages,15,91,15,4.3,S
301,Quentin Pacher,2021-09-11,Occitanie,Hautes-Pyrénées,97.38,4:41:54,2074,131,2223,999,99,20.7,76.3,Quelques nuages,15,89,15,7.2,S
302,Quentin Pacher,2021-09-10,Occitanie,Haute-Garonne,125.94,4:03:00,982,999,9999,999,99,31.1,60.5,Quelques nuages,20,93,20,5.3,WNW
303,Quentin Pacher,2021-09-09,Occitanie,Haute-Garonne,106.24,3:24:09,978,999,9999,999,99,31.2,59.4,Nuages,24,70,25,6.1,SE
304,Quentin Pacher,2021-09-04,Bourgogne-Franche-Comté,Jura,5.98,19:03,183,191,175,8,50,18.8,60.5,Quelques nuages,21,83,21,4.0,WNW
305,Quentin Pacher,2021-09-03,Bourgogne-Franche-Comté,Doubs,74.75,2:24:03,635,999,9999,999,99,31.1,62.6,Quelques nuages,19,80,20,5.0,WSW
306,Quentin Pacher,2021-09-01,Occitanie,Haute-Garonne,67.38,2:04:50,480,207,1447,61,54,32.4,63.7,Quelques nuages,30,33,30,18.0,ESE
307,Quentin Pacher,2021-10-17,Occitanie,Haute-Garonne,73.19,2:47:00,577,151,1059,45,40,26.3,67.7,Nuages,8,94,7,10.0,SE
308,Quentin Pacher,2021-10-10,Occitanie,Haute-Garonne,66.46,2:10:26,622,999,9999,999,99,30.6,56.9,Quelques nuages,12,81,12,7.4,NNW
309,Quentin Pacher,2021-10-08,Occitanie,Haute-Garonne,64.39,2:08:57,710,999,9999,999,99,30.0,57.6,Dégagé,14,61,14,7.2,WSW
310,Quentin Pacher,2021-10-06,Occitanie,Haute-Garonne,67.72,2:13:00,568,999,9999,999,99,30.6,66.6,Nuages,13,85,13,11.5,WNW
311,Quentin Pacher,2021-11-30,Occitanie,Haute-Garonne,129.79,4:36:19,1243,999,9999,999,99,28.2,58.2,Quelques nuages,1,95,1,5.9,WSW
312,Quentin Pacher,2021-11-28,Auvergne-Rhône-Alpes,Ain,86.64,3:00:09,728,999,9999,999,99,28.9,54.0,Quelques nuages,2,86,1,14.2,NW
313,Quentin Pacher,2021-11-26,Occitanie,Haute-Garonne,124.8,4:17:23,1111,999,9999,999,99,29.1,53.5,Pluie,5,92,0,23.4,W
314,Quentin Pacher,2021-11-25,Occitanie,Haute-Garonne,93.43,3:03:09,908,999,9999,999,99,30.6,69.1,Pluie,8,93,8,5.8,SSE
315,Quentin Pacher,2021-11-23,Occitanie,Haute-Garonne,124.83,4:18:22,1101,999,9999,999,99,29.0,59.7,Quelques nuages,5,92,3,13.6,ENE
316,Quentin Pacher,2021-11-21,Occitanie,Haute-Garonne,123.5,4:02:34,1061,999,9999,999,99,30.5,65.4,Quelques nuages,7,85,7,3.8,SW
317,Quentin Pacher,2021-11-18,Occitanie,Haute-Garonne,64.88,2:10:54,883,999,9999,999,99,29.7,58.4,Quelques nuages,12,68,12,10.6,WNW
318,Quentin Pacher,2021-11-16,Occitanie,Haute-Garonne,95.21,3:18:28,746,999,9999,999,99,28.8,56.4,Nuages,7,87,6,6.2,WNW
319,Quentin Pacher,2021-11-15,Occitanie,Haute-Garonne,83.68,2:48:09,756,999,9999,999,99,29.9,54.8,Nuages,10,81,10,19.9,WNW
320,Quentin Pacher,2021-11-13,Nouvelle-Aquitaine,Pyrénées-Atlantiques,88.28,2:59:12,1300,999,9999,999,99,29.6,61.4,Nuages,14,89,14,4.3,SW
321,Quentin Pacher,2021-11-12,Occitanie,Haute-Garonne,71.15,2:22:36,707,999,9999,999,99,29.9,64.6,Quelques nuages,13,80,13,10.0,WNW
322,Quentin Pacher,2021-11-11,Auvergne-Rhône-Alpes,Ain,82.39,2:42:52,746,174,1703,999,99,30.4,60.3,Nuages,7,100,6,5.2,E
323,Quentin Pacher,2021-11-09,Occitanie,Haute-Garonne,52.23,1:42:44,490,999,9999,999,99,30.5,56.2,Quelques nuages,10,62,10,9.3,WNW
324,Quentin Pacher,2021-11-08,Occitanie,Haute-Garonne,64.74,2:09:03,631,999,9999,999,99,30.1,56.9,Quelques nuages,10,89,7,17.4,WNW
325,Quentin Pacher,2021-11-06,Occitanie,Haute-Garonne,58.18,2:00:14,467,150,1081,999,99,29.0,56.4,Dégagé,9,70,7,16.5,WNW
326,Quentin Pacher,2021-11-04,Occitanie,Haute-Garonne,62.32,2:06:52,487,148,1129,999,99,29.5,57.4,Quelques nuages,12,73,12,9.2,WNW
327,Quentin Pacher,2021-12-31,Occitanie,Haute-Garonne,148.06,4:53:17,1633,999,9999,999,99,30.3,68.4,Dégagé,8,79,7,7.6,SSE
328,Quentin Pacher,2021-12-30,Occitanie,Haute-Garonne,136.82,4:27:58,1359,999,9999,999,99,30.6,64.3,Quelques nuages,10,93,10,4.2,ESE
329,Quentin Pacher,2021-12-29,Occitanie,Haute-Garonne,63.46,2:13:08,720,216,1618,73,57,28.6,57.6,Nuages,14,82,14,15.7,W
330,Quentin Pacher,2021-12-26,Auvergne-Rhône-Alpes,Ain,161.09,5:12:29,1111,999,9999,999,99,30.9,58.4,Pluie,9,93,7,8.0,S
331,Quentin Pacher,2021-12-24,Occitanie,Ariège,120.02,3:39:45,888,999,9999,999,99,32.8,62.5,Nuages,13,61,13,5.2,ESE
332,Quentin Pacher,2021-12-22,Occitanie,Haute-Garonne,125.49,4:24:24,1613,999,9999,999,99,28.5,63.6,Dégagé,5,89,1,19.9,SE
333,Quentin Pacher,2021-12-11,Occitanie,Haute-Garonne,92.34,3:00:49,792,999,9999,999,99,30.6,60.8,Quelques nuages,6,88,2,17.5,WNW
334,Quentin Pacher,2021-12-09,Occitanie,Haute-Garonne,61.69,2:03:33,605,999,9999,999,99,30.0,58.5,Pluie,5,89,1,17.8,W
335,Quentin Pacher,2021-12-07,Occitanie,Haute-Garonne,116.47,3:52:30,960,999,9999,999,99,30.1,67.9,Quelques nuages,6,91,2,15.4,SE
336,Quentin Pacher,2021-12-06,Occitanie,Haute-Garonne,94.48,3:07:12,1025,999,9999,999,99,30.3,62.6,Quelques nuages,8,76,4,21.9,WNW
337,Quentin Pacher,2021-12-02,Occitanie,Haute-Garonne,62.94,2:10:01,596,999,9999,999,99,29.0,56.7,Pluie,6,85,3,21.7,WNW
